SNP,effect_allele.exposure,other_allele.exposure,effect_allele.outcome,other_allele.outcome,beta.exposure,beta.outcome,eaf.exposure,eaf.outcome,remove,palindromic,ambiguous,id.outcome,se.outcome,z.outcome,pval.outcome,samplesize.outcome,outcome,mr_keep.outcome,pval_origin.outcome,se.exposure,z.exposure,pval.exposure,samplesize.exposure,exposure,mr_keep.exposure,pval_origin.exposure,id.exposure,action,mr_keep,pt,mrpresso_RSSobs,mrpresso_pval,mrpresso_keep
rs10019888,G,A,G,A,-0.027,0.0102,0.1636,0.173,FALSE,FALSE,FALSE,F6xd2T,0.0191,0.534031,0.5927,63926,Kunkle2019load,TRUE,reported,0.0046,-5.86957,4.901e-8,187167,Willer2013hdl,TRUE,reported,Dc8SI7,2,TRUE,5e-6,2.7640008338745137e-5,1,TRUE
rs10087900,A,G,A,G,-0.0231,0.0114,0.4393,0.4458,FALSE,FALSE,FALSE,F6xd2T,0.0147,0.7755102040816327,0.4374,63926,Kunkle2019load,TRUE,reported,0.0036,-6.41667,2.174e-9,187167,Willer2013hdl,TRUE,reported,Dc8SI7,2,TRUE,5e-6,5.158419853959416e-5,1,TRUE
rs10093930,A,C,A,C,0.0194,0.0011,0.6926,0.6812,FALSE,FALSE,FALSE,F6xd2T,0.0155,0.07096774193548387,0.941,63926,Kunkle2019load,TRUE,reported,0.0036,5.388888888888889,3.5369999999999998e-6,187167,Willer2013hdl,TRUE,reported,Dc8SI7,2,TRUE,5e-6,2.1807906593956492e-5,1,TRUE
rs102275,C,T,C,T,-0.0391,-0.0086,0.372,0.3397,FALSE,FALSE,FALSE,F6xd2T,0.015,-0.573333,0.5665,63926,Kunkle2019load,TRUE,reported,0.0035,-11.1714,6.4039999999999995e-28,187167,Willer2013hdl,TRUE,reported,Dc8SI7,2,TRUE,5e-6,2.531716872506403e-4,1,TRUE
rs1027087,A,T,A,T,-0.0208,0.0043,0.2348,0.2459,FALSE,TRUE,FALSE,F6xd2T,0.0164,0.26219512195121947,0.7924,63926,Kunkle2019load,TRUE,reported,0.004,-5.2,3.017e-6,187167,Willer2013hdl,TRUE,reported,Dc8SI7,2,TRUE,5e-6,2.3351160564591768e-7,1,TRUE
rs103294,T,C,T,C,0.0523,0.0289,0.186,0.1926,FALSE,FALSE,FALSE,F6xd2T,0.0183,1.5792349726775956,0.1134,63926,Kunkle2019load,TRUE,reported,0.0044,11.886363636363635,3.9949999999999995e-30,187167,Willer2013hdl,TRUE,reported,Dc8SI7,2,TRUE,5e-6,0.001512850934394873,1,TRUE
rs10408163,C,T,C,T,-0.0181,-0.0279,0.6939,0.7054,FALSE,FALSE,FALSE,F6xd2T,0.0156,-1.78846,0.07377,63926,Kunkle2019load,TRUE,reported,0.0037,-4.89189,5.106e-7,187167,Willer2013hdl,TRUE,reported,Dc8SI7,2,TRUE,5e-6,9.781033323826645e-4,1,TRUE
rs10460587,T,C,T,C,0.0245,-0.0065,0.5488,0.5524,FALSE,FALSE,FALSE,F6xd2T,0.0144,-0.4513888888888889,0.6524,63926,Kunkle2019load,TRUE,reported,0.0048,5.104166666666667,4.638e-7,187167,Willer2013hdl,TRUE,reported,Dc8SI7,2,TRUE,5e-6,4.04170112318712e-6,1,TRUE
rs10468017,T,C,T,C,0.1179,-0.0356,0.2757,0.2826,FALSE,FALSE,FALSE,F6xd2T,0.0159,-2.238993710691824,0.025419999999999998,63926,Kunkle2019load,TRUE,reported,0.0038,31.026315789473685,1.2099999999999997e-188,187167,Willer2013hdl,TRUE,reported,Dc8SI7,2,TRUE,5e-6,2.2461463991557944e-4,1,TRUE
rs1047891,A,C,A,C,-0.0269,-0.0141,0.3021,0.3259,FALSE,FALSE,FALSE,F6xd2T,0.016,-0.88125,0.3791,63926,Kunkle2019load,TRUE,reported,0.0039,-6.89744,8.73e-10,187167,Willer2013hdl,TRUE,reported,Dc8SI7,2,TRUE,5e-6,3.6498851485160564e-4,1,TRUE
rs10761771,C,T,C,T,0.0198,-0.0093,0.467,0.4885,FALSE,FALSE,FALSE,F6xd2T,0.0142,-0.65493,0.5133,63926,Kunkle2019load,TRUE,reported,0.0034,5.8235294117647065,4.120000000000001e-9,187167,Willer2013hdl,TRUE,reported,Dc8SI7,2,TRUE,5e-6,3.2257520089604575e-5,1,TRUE
rs10789752,C,T,C,T,-0.019,-0.0046,0.6992,0.6954,FALSE,FALSE,FALSE,F6xd2T,0.0155,-0.296774,0.765,63926,Kunkle2019load,TRUE,reported,0.0037,-5.13514,5.039000000000001e-7,187167,Willer2013hdl,TRUE,reported,Dc8SI7,2,TRUE,5e-6,6.565103137605991e-5,1,TRUE
rs10808546,T,C,T,C,0.0409,-0.0134,0.4459,0.4403,FALSE,FALSE,FALSE,F6xd2T,0.0144,-0.9305555555555556,0.3516,63926,Kunkle2019load,TRUE,reported,0.0034,12.029411764705882,4.106e-30,187167,Willer2013hdl,TRUE,reported,Dc8SI7,2,TRUE,5e-6,3.54365628024003e-5,1,TRUE
rs10900522,C,T,C,T,-0.0214,0.0257,0.252,0.2276,FALSE,FALSE,FALSE,F6xd2T,0.0169,1.52071,0.1296,63926,Kunkle2019load,TRUE,reported,0.004,-5.35,1.221e-6,187167,Willer2013hdl,TRUE,reported,Dc8SI7,2,TRUE,5e-6,4.7592629487639814e-4,1,TRUE
rs10928512,T,G,T,G,-0.0164,-0.0517,0.4921,0.5369,FALSE,FALSE,FALSE,F6xd2T,0.0147,-3.5170068027210886,4.423e-4,63926,Kunkle2019load,TRUE,reported,0.0035,-4.68571,3.645e-6,187167,Willer2013hdl,TRUE,reported,Dc8SI7,2,TRUE,5e-6,0.0030025083157960834,0.033,FALSE
rs11045163,G,A,G,A,0.0217,0.0066,0.4063,0.4249,FALSE,FALSE,FALSE,F6xd2T,0.0148,0.445946,0.6538,63926,Kunkle2019load,TRUE,reported,0.0035,6.2,3.196e-9,187167,Willer2013hdl,TRUE,reported,Dc8SI7,2,TRUE,5e-6,1.1260102297320505e-4,1,TRUE
rs11079810,T,C,T,C,0.0298,-0.0141,0.1108,0.1063,FALSE,FALSE,FALSE,F6xd2T,0.0237,-0.5949367088607596,0.5521,63926,Kunkle2019load,TRUE,reported,0.0057,5.228070175438597,1.676e-6,187167,Willer2013hdl,TRUE,reported,Dc8SI7,2,TRUE,5e-6,7.477746159989884e-5,1,TRUE
rs112006356,T,C,T,C,0.0855,-0.1011,0.01451,0.0123,FALSE,FALSE,FALSE,F6xd2T,0.0812,-1.2450738916256159,0.2132,63926,Kunkle2019load,TRUE,reported,0.0165,5.181818181818182,1.605e-6,187167,Willer2013hdl,TRUE,reported,Dc8SI7,2,TRUE,5e-6,0.007314539761734513,1,TRUE
rs1121980,A,G,A,G,-0.0196,8e-4,0.4472,0.4291,FALSE,FALSE,FALSE,F6xd2T,0.0144,0.05555555555555556,0.9557,63926,Kunkle2019load,TRUE,reported,0.0034,-5.76471,6.791e-9,187167,Willer2013hdl,TRUE,reported,Dc8SI7,2,TRUE,5e-6,7.862186876884405e-6,1,TRUE
rs11229606,G,T,G,T,0.0335,0.058,0.128,0.1186,FALSE,FALSE,FALSE,F6xd2T,0.0222,2.61261,0.009041,63926,Kunkle2019load,TRUE,reported,0.0051,6.568627450980392,3.117e-10,187167,Willer2013hdl,TRUE,reported,Dc8SI7,2,TRUE,5e-6,0.004138522653484205,0.594,TRUE
rs11246602,C,T,C,T,0.034,0.0574,0.1332,0.1229,FALSE,FALSE,FALSE,F6xd2T,0.0222,2.58559,0.009603,63926,Kunkle2019load,TRUE,reported,0.0052,6.538461538461539,1.681e-10,187167,Willer2013hdl,TRUE,reported,Dc8SI7,2,TRUE,5e-6,0.004073903801358998,0.7425,TRUE
rs11652146,A,G,A,G,-0.0192,0.048,0.6873,0.687,FALSE,FALSE,FALSE,F6xd2T,0.0154,3.116883116883117,0.001775,63926,Kunkle2019load,TRUE,reported,0.0036,-5.33333,1.1709999999999999e-6,187167,Willer2013hdl,TRUE,reported,Dc8SI7,2,TRUE,5e-6,0.001985795964455397,0.462,TRUE
rs11765979,C,A,C,A,0.0412,-0.0069,0.4578,0.475,FALSE,FALSE,FALSE,F6xd2T,0.0146,-0.472603,0.6377,63926,Kunkle2019load,TRUE,reported,0.0048,8.583333333333334,3.111e-17,187167,Willer2013hdl,TRUE,reported,Dc8SI7,2,TRUE,5e-6,4.4715449558731965e-7,1,TRUE
rs11789603,T,C,T,C,0.06,-2e-4,0.08971,0.1056,FALSE,FALSE,FALSE,F6xd2T,0.0232,-0.008620689655172415,0.9923,63926,Kunkle2019load,TRUE,reported,0.006,10,3.695e-21,187167,Willer2013hdl,TRUE,reported,Dc8SI7,2,TRUE,5e-6,1.1888865365532327e-4,1,TRUE
rs11865578,A,G,A,G,0.0244,-0.0805,0.1174,0.1334,FALSE,FALSE,FALSE,F6xd2T,0.021,-3.833333333333333,1.298e-4,63926,Kunkle2019load,TRUE,reported,0.0051,4.784313725490196,2.391e-6,187167,Willer2013hdl,TRUE,reported,Dc8SI7,2,TRUE,5e-6,0.0057987671939190065,0.0495,FALSE
rs12133576,G,A,G,A,-0.0243,0.0273,0.6451,0.6415,FALSE,FALSE,FALSE,F6xd2T,0.0149,1.83221,0.06807,63926,Kunkle2019load,TRUE,reported,0.0035,-6.94286,6.15e-11,187167,Willer2013hdl,TRUE,reported,Dc8SI7,2,TRUE,5e-6,5.251349844748629e-4,1,TRUE
rs12145743,G,T,G,T,0.0203,0.0243,0.3311,0.3474,FALSE,FALSE,FALSE,F6xd2T,0.015,1.62,0.1045,63926,Kunkle2019load,TRUE,reported,0.0036,5.638888888888888,1.803e-8,187167,Willer2013hdl,TRUE,reported,Dc8SI7,2,TRUE,5e-6,7.890532372957265e-4,1,TRUE
rs12286037,T,C,T,C,-0.1052,-0.0318,0.06069,0.0679,FALSE,FALSE,FALSE,F6xd2T,0.0284,-1.119718309859155,0.264,63926,Kunkle2019load,TRUE,reported,0.006999999999999999,-15.0286,2.801e-47,187167,Willer2013hdl,TRUE,reported,Dc8SI7,2,TRUE,5e-6,0.0027038183877597937,1,TRUE
rs12412743,T,C,T,C,-0.0291,0.0017,0.153,0.1681,FALSE,FALSE,FALSE,F6xd2T,0.019,0.08947368421052632,0.9278,63926,Kunkle2019load,TRUE,reported,0.0045,-6.46667,1.3070000000000001e-9,187167,Willer2013hdl,TRUE,reported,Dc8SI7,2,TRUE,5e-6,1.3335936828049584e-5,1,TRUE
rs12525163,C,T,C,T,0.0215,-0.0337,0.2652,0.2691,FALSE,FALSE,FALSE,F6xd2T,0.0161,-2.09317,0.03609,63926,Kunkle2019load,TRUE,reported,0.0037,5.8108108108108105,1.5240000000000001e-7,187167,Willer2013hdl,TRUE,reported,Dc8SI7,2,TRUE,5e-6,8.892361520754432e-4,1,TRUE
rs12740374,T,G,T,G,0.0343,-0.007,0.2124,0.2226,FALSE,FALSE,FALSE,F6xd2T,0.0171,-0.4093567251461988,0.6844,63926,Kunkle2019load,TRUE,reported,0.0041,8.365853658536585,1.6870000000000002e-15,187167,Willer2013hdl,TRUE,reported,Dc8SI7,2,TRUE,5e-6,5.011970914642676e-7,1,TRUE
rs12748152,T,C,T,C,-0.0506,0.0207,0.07124,0.0794,FALSE,FALSE,FALSE,F6xd2T,0.0265,0.7811320754716982,0.4358,63926,Kunkle2019load,TRUE,reported,0.0062,-8.16129,9.737e-16,187167,Willer2013hdl,TRUE,reported,Dc8SI7,2,TRUE,5e-6,1.314397440757603e-4,1,TRUE
rs12801636,A,G,A,G,0.0235,-0.0037,0.2243,0.2226,FALSE,FALSE,FALSE,F6xd2T,0.0172,-0.21511627906976746,0.8303,63926,Kunkle2019load,TRUE,reported,0.0042,5.595238095238096,3.1469999999999997e-8,187167,Willer2013hdl,TRUE,reported,Dc8SI7,2,TRUE,5e-6,3.779060490736327e-7,1,TRUE
rs12897338,T,C,T,C,-0.0158,-0.0123,0.4697,0.4888,FALSE,FALSE,FALSE,F6xd2T,0.0143,-0.8601398601398601,0.3886,63926,Kunkle2019load,TRUE,reported,0.0035,-4.51429,2.384e-6,187167,Willer2013hdl,TRUE,reported,Dc8SI7,2,TRUE,5e-6,2.3174511770503064e-4,1,TRUE
rs12930375,C,T,C,T,-0.019,0.0265,0.2243,0.1942,FALSE,FALSE,FALSE,F6xd2T,0.018,1.47222,0.1419,63926,Kunkle2019load,TRUE,reported,0.0042,-4.52381,3.863e-6,187167,Willer2013hdl,TRUE,reported,Dc8SI7,2,TRUE,5e-6,5.31055730485304e-4,1,TRUE
rs13076253,C,A,C,A,-0.0283,0.0046,0.1478,0.1424,FALSE,FALSE,FALSE,F6xd2T,0.0203,0.226601,0.8197,63926,Kunkle2019load,TRUE,reported,0.0048,-5.89583,4.961e-9,187167,Willer2013hdl,TRUE,reported,Dc8SI7,2,TRUE,5e-6,3.549419784143117e-7,1,TRUE
rs13107325,T,C,T,C,-0.0708,0.0202,0.07784,0.078,FALSE,FALSE,FALSE,F6xd2T,0.0273,0.7399267399267399,0.4607,63926,Kunkle2019load,TRUE,reported,0.0078,-9.07692,1.065e-15,187167,Willer2013hdl,TRUE,reported,Dc8SI7,2,TRUE,5e-6,5.279355217686106e-5,1,TRUE
rs13326165,G,A,G,A,-0.0289,-0.0275,0.8127,0.7971,FALSE,FALSE,FALSE,F6xd2T,0.0178,-1.54494,0.1236,63926,Kunkle2019load,TRUE,reported,0.0043,-6.72093,9.042e-11,187167,Willer2013hdl,TRUE,reported,Dc8SI7,2,TRUE,5e-6,0.0010832388343444486,1,TRUE
rs13379043,C,T,C,T,0.0191,0.0241,0.2889,0.2882,FALSE,FALSE,FALSE,F6xd2T,0.0161,1.49689,0.1333,63926,Kunkle2019load,TRUE,reported,0.0042,4.5476190476190474,1.7259999999999999e-6,187167,Willer2013hdl,TRUE,reported,Dc8SI7,2,TRUE,5e-6,7.647560647343737e-4,1,TRUE
rs13702,C,T,C,T,0.1058,0.0079,0.3127,0.3012,FALSE,FALSE,FALSE,F6xd2T,0.0154,0.512987,0.6064,63926,Kunkle2019load,TRUE,reported,0.0038,27.842105263157897,1.2799999999999996e-160,187167,Willer2013hdl,TRUE,reported,Dc8SI7,2,TRUE,5e-6,8.425500249284933e-4,1,TRUE
rs140147,A,G,A,G,-0.0186,-0.0245,0.3826,0.3753,FALSE,FALSE,FALSE,F6xd2T,0.0147,-1.6666666666666667,0.09602999999999999,63926,Kunkle2019load,TRUE,reported,0.0036,-5.16667,3.2060000000000003e-6,187167,Willer2013hdl,TRUE,reported,Dc8SI7,2,TRUE,5e-6,7.82307130449854e-4,1,TRUE
rs1482852,G,A,G,A,0.0209,0.0139,0.3971,0.43120000000000003,FALSE,FALSE,FALSE,F6xd2T,0.0148,0.939189,0.348,63926,Kunkle2019load,TRUE,reported,0.0035,5.971428571428571,6.34e-8,187167,Willer2013hdl,TRUE,reported,Dc8SI7,2,TRUE,5e-6,3.1613865191568695e-4,1,TRUE
rs1515110,T,G,T,G,-0.0323,0.0105,0.6187,0.6304,FALSE,FALSE,FALSE,F6xd2T,0.0147,0.7142857142857143,0.4759,63926,Kunkle2019load,TRUE,reported,0.0035,-9.22857,8.038e-18,187167,Willer2013hdl,TRUE,reported,Dc8SI7,2,TRUE,5e-6,2.1152360955833213e-5,1,TRUE
rs1534696,A,C,A,C,0.0182,0.0087,0.5594,0.5563,FALSE,FALSE,FALSE,F6xd2T,0.0149,0.5838926174496644,0.5589,63926,Kunkle2019load,TRUE,reported,0.0037,4.918918918918919,2.25e-6,187167,Willer2013hdl,TRUE,reported,Dc8SI7,2,TRUE,5e-6,1.4551486920174933e-4,1,TRUE
rs1689797,A,C,A,C,-0.0358,0.0139,0.3021,0.3416,FALSE,FALSE,FALSE,F6xd2T,0.015,0.9266666666666666,0.354,63926,Kunkle2019load,TRUE,reported,0.0036,-9.94444,2.8520000000000003e-21,187167,Willer2013hdl,TRUE,reported,Dc8SI7,2,TRUE,5e-6,5.448643217063943e-5,1,TRUE
rs16942887,A,G,A,G,0.0831,0.011,0.1332,0.1234,FALSE,FALSE,FALSE,F6xd2T,0.0218,0.5045871559633027,0.61240000000000006,63926,Kunkle2019load,TRUE,reported,0.0051,16.294117647058822,8.281000000000001e-54,187167,Willer2013hdl,TRUE,reported,Dc8SI7,2,TRUE,5e-6,7.14858987808204e-4,1,TRUE
rs16965220,A,C,A,C,0.0219,0.0087,0.2982,0.3264,FALSE,FALSE,FALSE,F6xd2T,0.0153,0.5686274509803921,0.5688,63926,Kunkle2019load,TRUE,reported,0.0037,5.918918918918918,7.909e-9,187167,Willer2013hdl,TRUE,reported,Dc8SI7,2,TRUE,5e-6,1.6261869891496638e-4,1,TRUE
rs17135399,G,A,G,A,-0.0483,0.0111,0.06596,0.0636,FALSE,FALSE,FALSE,F6xd2T,0.0299,0.371237,0.7108,63926,Kunkle2019load,TRUE,reported,0.0077,-6.27273,4.26e-9,187167,Willer2013hdl,TRUE,reported,Dc8SI7,2,TRUE,5e-6,5.026846988204993e-6,1,TRUE
rs17145738,T,C,T,C,0.0408,0.0038,0.1174,0.1193,FALSE,FALSE,FALSE,F6xd2T,0.0223,0.17040358744394618,0.8652,63926,Kunkle2019load,TRUE,reported,0.0053,7.698113207547171,4.952e-13,187167,Willer2013hdl,TRUE,reported,Dc8SI7,2,TRUE,5e-6,1.2850349375990173e-4,1,TRUE
rs17173637,C,T,C,T,-0.0363,0.0114,0.09763,0.0872,FALSE,FALSE,FALSE,F6xd2T,0.0252,0.452381,0.6518,63926,Kunkle2019load,TRUE,reported,0.0057,-6.36842,1.899e-8,187167,Willer2013hdl,TRUE,reported,Dc8SI7,2,TRUE,5e-6,2.2558663144303948e-5,1,TRUE
rs17286602,A,T,A,T,0.021,-0.0018,0.409,0.4132,FALSE,TRUE,FALSE,F6xd2T,0.0145,-0.12413793103448274,0.9018,63926,Kunkle2019load,TRUE,reported,0.0034,6.176470588235295,2.932e-7,187167,Willer2013hdl,TRUE,reported,Dc8SI7,2,TRUE,5e-6,4.24291079609872e-6,1,TRUE
rs17369578,A,G,A,G,0.0355,-0.0495,0.05805,0.0443,FALSE,FALSE,FALSE,F6xd2T,0.035,-1.4142857142857141,0.157,63926,Kunkle2019load,TRUE,reported,0.0075,4.733333333333333,7.786000000000001e-8,187167,Willer2013hdl,TRUE,reported,Dc8SI7,2,TRUE,5e-6,0.001852384574007695,1,TRUE
rs17526722,A,G,A,G,-0.0312,-0.0359,0.07256,0.0719,FALSE,FALSE,FALSE,F6xd2T,0.0298,-1.2046979865771812,0.2281,63926,Kunkle2019load,TRUE,reported,0.0065,-4.8,1.42e-7,187167,Willer2013hdl,TRUE,reported,Dc8SI7,2,TRUE,5e-6,0.0017375191582258286,1,TRUE
rs17695224,A,G,A,G,-0.029,0.0044,0.2388,0.2753,FALSE,FALSE,FALSE,F6xd2T,0.016,0.275,0.7809,63926,Kunkle2019load,TRUE,reported,0.0039,-7.4359,2.417e-13,187167,Willer2013hdl,TRUE,reported,Dc8SI7,2,TRUE,5e-6,8.585924338191986e-7,1,TRUE
rs17715343,G,C,G,C,0.0338,0.0032,0.09631,0.0918,FALSE,TRUE,FALSE,F6xd2T,0.027,0.118519,0.9053,63926,Kunkle2019load,TRUE,reported,0.0065,5.199999999999999,3.764e-7,187167,Willer2013hdl,TRUE,reported,Dc8SI7,2,TRUE,5e-6,8.877841218651983e-5,1,TRUE
rs1800961,T,C,T,C,-0.127,0.056,0.0343,0.0316,FALSE,FALSE,FALSE,F6xd2T,0.0415,1.3493975903614457,0.1773,63926,Kunkle2019load,TRUE,reported,0.0099,-12.8283,1.639e-34,187167,Willer2013hdl,TRUE,reported,Dc8SI7,2,TRUE,5e-6,0.0010940126309681225,1,TRUE
rs181362,T,C,T,C,-0.0379,-0.0614,0.1992,0.194,FALSE,FALSE,FALSE,F6xd2T,0.0182,-3.3736263736263736,7.46e-4,63926,Kunkle2019load,TRUE,reported,0.0042,-9.02381,4.303e-18,187167,Willer2013hdl,TRUE,reported,Dc8SI7,2,TRUE,5e-6,0.004723516127551633,<0.0165,FALSE
rs1866956,T,C,T,C,0.0217,0.0087,0.6755,0.6863,FALSE,FALSE,FALSE,F6xd2T,0.0154,0.5649350649350648,0.5732,63926,Kunkle2019load,TRUE,reported,0.0037,5.864864864864865,7.964000000000001e-10,187167,Willer2013hdl,TRUE,reported,Dc8SI7,2,TRUE,5e-6,1.6165584310590014e-4,1,TRUE
rs1883025,T,C,T,C,-0.0698,0.045,0.2427,0.2658,FALSE,FALSE,FALSE,F6xd2T,0.0162,2.7777777777777777,0.005565,63926,Kunkle2019load,TRUE,reported,0.0041,-17.0244,1.4959999999999998e-65,187167,Willer2013hdl,TRUE,reported,Dc8SI7,2,TRUE,5e-6,0.0010857691924318741,1,TRUE
rs1936800,T,C,T,C,-0.02,-5e-4,0.4723,0.5125,FALSE,FALSE,FALSE,F6xd2T,0.0144,-0.034722222222222224,0.9729,63926,Kunkle2019load,TRUE,reported,0.0034,-5.88235,3.0550000000000003e-10,187167,Willer2013hdl,TRUE,reported,Dc8SI7,2,TRUE,5e-6,1.7480384610643147e-5,1,TRUE
rs197925,A,G,A,G,0.0177,-3e-4,0.3865,0.3951,FALSE,FALSE,FALSE,F6xd2T,0.0145,-0.02068965517241379,0.9844,63926,Kunkle2019load,TRUE,reported,0.0035,5.057142857142857,4.147e-7,187167,Willer2013hdl,TRUE,reported,Dc8SI7,2,TRUE,5e-6,8.727507190463539e-6,1,TRUE
rs1980493,C,T,C,T,-0.0318,-0.0453,0.1227,0.1422,FALSE,FALSE,FALSE,F6xd2T,0.0223,-2.03139,0.042010000000000006,63926,Kunkle2019load,TRUE,reported,0.0048,-6.625,3.764e-10,187167,Willer2013hdl,TRUE,reported,Dc8SI7,2,TRUE,5e-6,0.0026282720984950043,1,TRUE
rs1997243,G,A,G,A,0.0248,0.0083,0.1306,0.156,FALSE,FALSE,FALSE,F6xd2T,0.0195,0.425641,0.6715,63926,Kunkle2019load,TRUE,reported,0.0048,5.166666666666667,2.2699999999999998e-7,187167,Willer2013hdl,TRUE,reported,Dc8SI7,2,TRUE,5e-6,1.658398311247792e-4,1,TRUE
rs2013208,T,C,T,C,0.0254,-0.01,0.5053,0.5032,FALSE,FALSE,FALSE,F6xd2T,0.0143,-0.6993006993006993,0.4831,63926,Kunkle2019load,TRUE,reported,0.0036,7.055555555555555,8.916e-12,187167,Willer2013hdl,TRUE,reported,Dc8SI7,2,TRUE,5e-6,2.8719182244101867e-5,1,TRUE
rs205262,G,A,G,A,-0.0283,0.0048,0.2665,0.2799,FALSE,FALSE,FALSE,F6xd2T,0.0159,0.301887,0.7638,63926,Kunkle2019load,TRUE,reported,0.0039,-7.25641,3.878e-13,187167,Willer2013hdl,TRUE,reported,Dc8SI7,2,TRUE,5e-6,1.567289655789162e-7,1,TRUE
rs2062432,A,G,A,G,0.0157,-0.0162,0.5633,0.5409,FALSE,FALSE,FALSE,F6xd2T,0.0143,-1.1328671328671327,0.2587,63926,Kunkle2019load,TRUE,reported,0.0034,4.617647058823529,2.5630000000000003e-6,187167,Willer2013hdl,TRUE,reported,Dc8SI7,2,TRUE,5e-6,1.7791242565170931e-4,1,TRUE
rs2066714,C,T,C,T,0.0453,-0.0377,0.1201,0.1474,FALSE,FALSE,FALSE,F6xd2T,0.0208,-1.8125,0.07022,63926,Kunkle2019load,TRUE,reported,0.0071,6.380281690140845,7.257999999999999e-10,187167,Willer2013hdl,TRUE,reported,Dc8SI7,2,TRUE,5e-6,8.738034876204492e-4,1,TRUE
rs2075650,G,A,G,A,-0.0554,0.9535,0.1266,0.202,FALSE,FALSE,FALSE,F6xd2T,0.0186,51.2634,1e-200,63926,Kunkle2019load,TRUE,reported,0.0051,-10.8627,9.716e-26,187167,Willer2013hdl,TRUE,reported,Dc8SI7,2,TRUE,5e-6,0.9098856043541382,<0.0165,FALSE
rs2124036,C,T,C,T,-0.0186,-0.0219,0.2164,0.2251,FALSE,FALSE,FALSE,F6xd2T,0.0172,-1.27326,0.2033,63926,Kunkle2019load,TRUE,reported,0.0041,-4.53659,1.6809999999999999e-6,187167,Willer2013hdl,TRUE,reported,Dc8SI7,2,TRUE,5e-6,6.426676529905954e-4,1,TRUE
rs2160669,T,C,T,C,0.0944,-0.0487,0.90633,0.9274,FALSE,FALSE,FALSE,F6xd2T,0.0275,-1.770909090909091,0.07608,63926,Kunkle2019load,TRUE,reported,0.0069,13.681159420289855,1.837e-36,187167,Willer2013hdl,TRUE,reported,Dc8SI7,2,TRUE,5e-6,0.0010138495612234985,1,TRUE
rs2241210,G,A,G,A,0.0332,0.0116,0.5528,0.5351,FALSE,FALSE,FALSE,F6xd2T,0.0142,0.816901,0.4118,63926,Kunkle2019load,TRUE,reported,0.0035,9.485714285714286,2.4889999999999997e-20,187167,Willer2013hdl,TRUE,reported,Dc8SI7,2,TRUE,5e-6,3.173770857479779e-4,1,TRUE
rs2241770,C,T,C,T,-0.0989,-0.006,0.1029,0.0959,FALSE,FALSE,FALSE,F6xd2T,0.024,-0.25,0.8032,63926,Kunkle2019load,TRUE,reported,0.0057,-17.3509,6.784000000000001e-60,187167,Willer2013hdl,TRUE,reported,Dc8SI7,2,TRUE,5e-6,6.088497149412415e-4,1,TRUE
rs2250802,A,G,A,G,-0.034,-0.0091,0.6807,0.6994,FALSE,FALSE,FALSE,F6xd2T,0.0156,-0.5833333333333334,0.5599,63926,Kunkle2019load,TRUE,reported,0.0038,-8.94737,2.022e-17,187167,Willer2013hdl,TRUE,reported,Dc8SI7,2,TRUE,5e-6,2.38143615244137e-4,1,TRUE
rs2275774,G,A,G,A,0.0217,0.0057,0.1781,0.1951,FALSE,FALSE,FALSE,F6xd2T,0.018,0.316667,0.7525,63926,Kunkle2019load,TRUE,reported,0.0043,5.046511627906977,7.601e-7,187167,Willer2013hdl,TRUE,reported,Dc8SI7,2,TRUE,5e-6,9.409973357373189e-5,1,TRUE
rs2278236,A,G,A,G,0.0331,-0.0114,0.5435,0.5234,FALSE,FALSE,FALSE,F6xd2T,0.0144,-0.7916666666666667,0.4275,63926,Kunkle2019load,TRUE,reported,0.0035,9.457142857142856,3.1850000000000004e-18,187167,Willer2013hdl,TRUE,reported,Dc8SI7,2,TRUE,5e-6,2.8729121888639687e-5,1,TRUE
rs2288911,G,T,G,T,0.0302,0.0904,0.5053,0.5,FALSE,FALSE,FALSE,F6xd2T,0.0146,6.19178,6.009e-10,63926,Kunkle2019load,TRUE,reported,0.0036,8.38888888888889,2.842e-15,187167,Willer2013hdl,TRUE,reported,Dc8SI7,2,TRUE,5e-6,0.009304044683244342,<0.0165,FALSE
rs2290547,A,G,A,G,-0.0297,-0.0192,0.2111,0.1718,FALSE,FALSE,FALSE,F6xd2T,0.0195,-0.9846153846153846,0.325,63926,Kunkle2019load,TRUE,reported,0.0046,-6.45652,3.69e-9,187167,Willer2013hdl,TRUE,reported,Dc8SI7,2,TRUE,5e-6,6.112155581573012e-4,1,TRUE
rs2292101,T,C,T,C,-0.0518,-0.0508,0.04485,0.0356,FALSE,FALSE,FALSE,F6xd2T,0.0391,-1.29923273657289,0.1931,63926,Kunkle2019load,TRUE,reported,0.0096,-5.39583,1.359e-7,187167,Willer2013hdl,TRUE,reported,Dc8SI7,2,TRUE,5e-6,0.0036529763532909,1,TRUE
rs2293889,G,T,G,T,0.0312,0.0254,0.5871,0.576,FALSE,FALSE,FALSE,F6xd2T,0.0145,1.75172,0.0785,63926,Kunkle2019load,TRUE,reported,0.0035,8.914285714285713,4.2709999999999995e-17,187167,Willer2013hdl,TRUE,reported,Dc8SI7,2,TRUE,5e-6,9.801456557457671e-4,1,TRUE
rs2303975,A,G,A,G,0.0279,-0.0462,0.1425,0.1079,FALSE,FALSE,FALSE,F6xd2T,0.0228,-2.026315789473684,0.04252,63926,Kunkle2019load,TRUE,reported,0.0049,5.6938775510204085,1.585e-7,187167,Willer2013hdl,TRUE,reported,Dc8SI7,2,TRUE,5e-6,0.0016938085126459441,1,TRUE
rs231492,T,G,T,G,-0.0433,0.0293,0.08575,0.0838,FALSE,FALSE,FALSE,F6xd2T,0.0298,0.9832214765100671,0.3248,63926,Kunkle2019load,TRUE,reported,0.0077,-5.62338,2.002e-7,187167,Willer2013hdl,TRUE,reported,Dc8SI7,2,TRUE,5e-6,4.5833820537677345e-4,1,TRUE
rs2373459,T,C,T,C,0.0177,-0.0245,0.6544,0.6719,FALSE,FALSE,FALSE,F6xd2T,0.0152,-1.611842105263158,0.1083,63926,Kunkle2019load,TRUE,reported,0.0036,4.916666666666667,2.8460000000000004e-6,187167,Willer2013hdl,TRUE,reported,Dc8SI7,2,TRUE,5e-6,4.531461695987576e-4,1,TRUE
rs2384034,T,C,T,C,0.0173,0.0184,0.4327,0.4181,FALSE,FALSE,FALSE,F6xd2T,0.0143,1.2867132867132867,0.1983,63926,Kunkle2019load,TRUE,reported,0.0034,5.088235294117647,1.543e-6,187167,Willer2013hdl,TRUE,reported,Dc8SI7,2,TRUE,5e-6,4.671979212904306e-4,1,TRUE
rs2412710,A,G,A,G,-0.084,0.0243,0.02243,0.026,FALSE,FALSE,FALSE,F6xd2T,0.0483,0.5031055900621118,0.614,63926,Kunkle2019load,TRUE,reported,0.0139,-6.04317,1.36e-9,187167,Willer2013hdl,TRUE,reported,Dc8SI7,2,TRUE,5e-6,7.94918814288519e-5,1,TRUE
rs2428486,C,T,C,T,0.0203,0.001,0.3826,0.3548,FALSE,FALSE,FALSE,F6xd2T,0.0157,0.0636943,0.9499,63926,Kunkle2019load,TRUE,reported,0.0037,5.486486486486486,8.65e-8,187167,Willer2013hdl,TRUE,reported,Dc8SI7,2,TRUE,5e-6,2.242812898852553e-5,1,TRUE
rs2454722,G,A,G,A,0.0351,-0.0287,0.1451,0.1947,FALSE,FALSE,FALSE,F6xd2T,0.0182,-1.57692,0.1148,63926,Kunkle2019load,TRUE,reported,0.0044,7.977272727272727,3.308e-14,187167,Willer2013hdl,TRUE,reported,Dc8SI7,2,TRUE,5e-6,5.000247012417689e-4,1,TRUE
rs2589266,G,T,G,T,-0.0185,0.0335,0.5633,0.5523,FALSE,FALSE,FALSE,F6xd2T,0.0143,2.34266,0.01916,63926,Kunkle2019load,TRUE,reported,0.0034,-5.44118,3.449e-7,187167,Willer2013hdl,TRUE,reported,Dc8SI7,2,TRUE,5e-6,9.100688886842694e-4,1,TRUE
rs2593727,G,A,G,A,0.0213,0.0049,0.3325,0.2779,FALSE,FALSE,FALSE,F6xd2T,0.016,0.30625,0.7599,63926,Kunkle2019load,TRUE,reported,0.0038,5.605263157894736,1.176e-7,187167,Willer2013hdl,TRUE,reported,Dc8SI7,2,TRUE,5e-6,7.795148745002827e-5,1,TRUE
rs2602836,G,A,G,A,-0.0192,0.0161,0.5726,0.5704,FALSE,FALSE,FALSE,F6xd2T,0.0146,1.10274,0.2698,63926,Kunkle2019load,TRUE,reported,0.0034,-5.64706,4.963999999999999e-8,187167,Willer2013hdl,TRUE,reported,Dc8SI7,2,TRUE,5e-6,1.5883814875870423e-4,1,TRUE
rs2606736,T,C,T,C,-0.0246,-0.016,0.6055,0.6227,FALSE,FALSE,FALSE,F6xd2T,0.0147,-1.08843537414966,0.2747,63926,Kunkle2019load,TRUE,reported,0.0043,-5.72093,4.7989999999999995e-8,187167,Willer2013hdl,TRUE,reported,Dc8SI7,2,TRUE,5e-6,4.2382752416954527e-4,1,TRUE
rs2642438,G,A,G,A,0.0303,0.0154,0.7454,0.7084,FALSE,FALSE,FALSE,F6xd2T,0.0165,0.933333,0.3482,63926,Kunkle2019load,TRUE,reported,0.0039,7.76923076923077,7.781e-14,187167,Willer2013hdl,TRUE,reported,Dc8SI7,2,TRUE,5e-6,4.430980861017487e-4,1,TRUE
rs2652840,C,T,C,T,0.0272,0.0273,0.7665,0.7972,FALSE,FALSE,FALSE,F6xd2T,0.0178,1.53371,0.1246,63926,Kunkle2019load,TRUE,reported,0.0042,6.476190476190476,1.0879999999999999e-10,187167,Willer2013hdl,TRUE,reported,Dc8SI7,2,TRUE,5e-6,0.0010488975825930812,1,TRUE
rs2845885,T,C,T,C,0.0331,0.0042,0.9314,0.9438,FALSE,FALSE,FALSE,F6xd2T,0.0313,0.134185303514377,0.8923,63926,Kunkle2019load,TRUE,reported,0.0072,4.597222222222222,2.948e-6,187167,Willer2013hdl,TRUE,reported,Dc8SI7,2,TRUE,5e-6,1.0587764544426575e-4,1,TRUE
rs2862954,C,T,C,T,0.0166,-0.0174,0.4631,0.4796,FALSE,FALSE,FALSE,F6xd2T,0.0142,-1.22535,0.2212,63926,Kunkle2019load,TRUE,reported,0.0034,4.882352941176471,1.287e-6,187167,Willer2013hdl,TRUE,reported,Dc8SI7,2,TRUE,5e-6,2.0671657211684884e-4,1,TRUE
rs2923084,G,A,G,A,-0.0256,-0.0397,0.153,0.1872,FALSE,FALSE,FALSE,F6xd2T,0.0184,-2.15761,0.030989999999999997,63926,Kunkle2019load,TRUE,reported,0.0045,-5.68889,5.019999999999999e-8,187167,Willer2013hdl,TRUE,reported,Dc8SI7,2,TRUE,5e-6,0.0019807962554849743,1,TRUE
rs2925979,C,T,C,T,0.0351,0.0067,0.7045,0.7093,FALSE,FALSE,FALSE,F6xd2T,0.0157,0.426752,0.6711,63926,Kunkle2019load,TRUE,reported,0.0037,9.486486486486486,1.321e-19,187167,Willer2013hdl,TRUE,reported,Dc8SI7,2,TRUE,5e-6,1.748959539979851e-4,1,TRUE
rs2957447,G,A,G,A,-0.0155,-0.0265,0.5831,0.5357,FALSE,FALSE,FALSE,F6xd2T,0.0143,-1.85315,0.06372,63926,Kunkle2019load,TRUE,reported,0.0035,-4.42857,3.51e-6,187167,Willer2013hdl,TRUE,reported,Dc8SI7,2,TRUE,5e-6,8.63653667899155e-4,1,TRUE
rs3741414,T,C,T,C,0.0296,1e-4,0.1913,0.2278,FALSE,FALSE,FALSE,F6xd2T,0.0173,0.005780346820809249,0.9966,63926,Kunkle2019load,TRUE,reported,0.004,7.4,6.095e-14,187167,Willer2013hdl,TRUE,reported,Dc8SI7,2,TRUE,5e-6,3.083801326401882e-5,1,TRUE
rs3761445,A,G,A,G,-0.0158,2e-4,0.6148,0.5922,FALSE,FALSE,FALSE,F6xd2T,0.0145,0.013793103448275862,0.9911,63926,Kunkle2019load,TRUE,reported,0.0035,-4.51429,3.943e-6,187167,Willer2013hdl,TRUE,reported,Dc8SI7,2,TRUE,5e-6,7.31169539474765e-6,1,TRUE
rs3822072,A,G,A,G,-0.0251,0.0065,0.4881,0.469,FALSE,FALSE,FALSE,F6xd2T,0.0143,0.45454545454545453,0.6499,63926,Kunkle2019load,TRUE,reported,0.0034,-7.38235,4.058e-12,187167,Willer2013hdl,TRUE,reported,Dc8SI7,2,TRUE,5e-6,3.61119683487347e-6,1,TRUE
rs3847502,A,C,A,C,0.048,9e-4,0.314,0.3021,FALSE,FALSE,FALSE,F6xd2T,0.0155,0.058064516129032254,0.9554,63926,Kunkle2019load,TRUE,reported,0.0036,13.333333333333334,3.306e-38,187167,Willer2013hdl,TRUE,reported,Dc8SI7,2,TRUE,5e-6,9.658247427052023e-5,1,TRUE
rs3861397,G,A,G,A,-0.024,0.0103,0.3417,0.3285,FALSE,FALSE,FALSE,F6xd2T,0.0154,0.668831,0.5045,63926,Kunkle2019load,TRUE,reported,0.0036,-6.66667,8.401e-11,187167,Willer2013hdl,TRUE,reported,Dc8SI7,2,TRUE,5e-6,3.4961402030818805e-5,1,TRUE
rs3936511,G,A,G,A,-0.0308,0.0334,0.1689,0.1938,FALSE,FALSE,FALSE,F6xd2T,0.0182,1.83516,0.0664,63926,Kunkle2019load,TRUE,reported,0.0046,-6.69565,2.959e-9,187167,Willer2013hdl,TRUE,reported,Dc8SI7,2,TRUE,5e-6,7.754115145939964e-4,1,TRUE
rs4142995,T,G,T,G,-0.0263,-0.0093,0.3839,0.4087,FALSE,FALSE,FALSE,F6xd2T,0.0145,-0.6413793103448275,0.5209,63926,Kunkle2019load,TRUE,reported,0.0037,-7.10811,9.365e-12,187167,Willer2013hdl,TRUE,reported,Dc8SI7,2,TRUE,5e-6,2.01225709584163e-4,1,TRUE
rs4148005,G,T,G,T,-0.0283,0.0033,0.2995,0.3242,FALSE,FALSE,FALSE,F6xd2T,0.0151,0.218543,0.8248,63926,Kunkle2019load,TRUE,reported,0.0036,-7.86111,5.743e-14,187167,Willer2013hdl,TRUE,reported,Dc8SI7,2,TRUE,5e-6,3.620103353635671e-6,1,TRUE
rs4240624,A,G,A,G,0.0818,-0.0266,0.9248,0.9161,FALSE,FALSE,FALSE,F6xd2T,0.0256,-1.0390625,0.2984,63926,Kunkle2019load,TRUE,reported,0.0058,14.10344827586207,1.3229999999999999e-45,187167,Willer2013hdl,TRUE,reported,Dc8SI7,2,TRUE,5e-6,1.377185432912106e-4,1,TRUE
rs424346,T,C,T,C,0.0679,-0.0789,0.04881,0.0339,FALSE,FALSE,FALSE,F6xd2T,0.0404,-1.952970297029703,0.050710000000000005,63926,Kunkle2019load,TRUE,reported,0.0113,6.008849557522124,4.8399999999999997e-8,187167,Willer2013hdl,TRUE,reported,Dc8SI7,2,TRUE,5e-6,0.004445159223636353,1,TRUE
rs4379922,C,T,C,T,0.0247,-0.0153,0.3496,0.3675,FALSE,FALSE,FALSE,F6xd2T,0.0152,-1.00658,0.3152,63926,Kunkle2019load,TRUE,reported,0.0036,6.861111111111112,9.559e-12,187167,Willer2013hdl,TRUE,reported,Dc8SI7,2,TRUE,5e-6,1.166829611781745e-4,1,TRUE
rs442177,T,G,T,G,-0.0215,-0.0015,0.5528,0.6005,FALSE,FALSE,FALSE,F6xd2T,0.0145,-0.10344827586206896,0.9203,63926,Kunkle2019load,TRUE,reported,0.0034,-6.32353,2.1929999999999998e-9,187167,Willer2013hdl,TRUE,reported,Dc8SI7,2,TRUE,5e-6,2.9824549538464807e-5,1,TRUE
rs4465830,G,A,G,A,-0.0597,0.0089,0.2018,0.1884,FALSE,FALSE,FALSE,F6xd2T,0.0182,0.489011,0.6261,63926,Kunkle2019load,TRUE,reported,0.0044,-13.5682,5.174999999999999e-40,187167,Willer2013hdl,TRUE,reported,Dc8SI7,2,TRUE,5e-6,4.3497883309503795e-6,1,TRUE
rs4650994,A,G,A,G,-0.021,0.0129,0.4828,0.521,FALSE,FALSE,FALSE,F6xd2T,0.0142,0.908450704225352,0.3626,63926,Kunkle2019load,TRUE,reported,0.0034,-6.17647,6.696e-9,187167,Willer2013hdl,TRUE,reported,Dc8SI7,2,TRUE,5e-6,8.226994887258476e-5,1,TRUE
rs4660293,G,A,G,A,-0.0353,0.0149,0.2361,0.2355,FALSE,FALSE,FALSE,F6xd2T,0.0167,0.892216,0.3717,63926,Kunkle2019load,TRUE,reported,0.004,-8.825,2.863e-18,187167,Willer2013hdl,TRUE,reported,Dc8SI7,2,TRUE,5e-6,7.170730338507597e-5,1,TRUE
rs4711698,T,C,T,C,0.0207,0.0139,0.7388,0.7458,FALSE,FALSE,FALSE,F6xd2T,0.0165,0.8424242424242423,0.4008,63926,Kunkle2019load,TRUE,reported,0.004,5.175,1.631e-6,187167,Willer2013hdl,TRUE,reported,Dc8SI7,2,TRUE,5e-6,3.1450091926963074e-4,1,TRUE
rs4804833,G,A,G,A,0.0221,0.0078,0.5897,0.6,FALSE,FALSE,FALSE,F6xd2T,0.0148,0.527027,0.5966,63926,Kunkle2019load,TRUE,reported,0.0038,5.815789473684211,9.891e-8,187167,Willer2013hdl,TRUE,reported,Dc8SI7,2,TRUE,5e-6,1.4135761483388196e-4,1,TRUE
rs4805755,T,C,T,C,0.0239,0.0059,0.1517,0.1683,FALSE,FALSE,FALSE,F6xd2T,0.019,0.3105263157894737,0.7571,63926,Kunkle2019load,TRUE,reported,0.0044,5.431818181818182,2.526e-6,187167,Willer2013hdl,TRUE,reported,Dc8SI7,2,TRUE,5e-6,1.0623540742559241e-4,1,TRUE
rs4846914,A,G,A,G,0.0479,0.0049,0.5844,0.6042,FALSE,FALSE,FALSE,F6xd2T,0.015,0.32666666666666666,0.7448,63926,Kunkle2019load,TRUE,reported,0.0034,14.088235294117647,3.513e-41,187167,Willer2013hdl,TRUE,reported,Dc8SI7,2,TRUE,5e-6,1.9232361597953734e-4,1,TRUE
rs4871137,T,G,T,G,-0.0209,0.008,0.6464,0.6563,FALSE,FALSE,FALSE,F6xd2T,0.0151,0.5298013245033113,0.5958,63926,Kunkle2019load,TRUE,reported,0.0037,-5.64865,1.9260000000000002e-7,187167,Willer2013hdl,TRUE,reported,Dc8SI7,2,TRUE,5e-6,1.7421220779207553e-5,1,TRUE
rs4917014,G,T,G,T,0.0222,0.0367,0.3404,0.3312,FALSE,FALSE,FALSE,F6xd2T,0.0151,2.43046,0.01484,63926,Kunkle2019load,TRUE,reported,0.0036,6.166666666666667,1.026e-8,187167,Willer2013hdl,TRUE,reported,Dc8SI7,2,TRUE,5e-6,0.0016715710567528329,0.957,TRUE
rs492571,C,T,C,T,-0.0663,0.0071,0.04222,0.0488,FALSE,FALSE,FALSE,F6xd2T,0.0336,0.21131,0.8319,63926,Kunkle2019load,TRUE,reported,0.009000000000000001,-7.36667,1.2649999999999998e-12,187167,Willer2013hdl,TRUE,reported,Dc8SI7,2,TRUE,5e-6,2.5946409102379443e-5,1,TRUE
rs4930731,G,A,G,A,-0.0174,-0.0086,0.3496,0.3769,FALSE,FALSE,FALSE,F6xd2T,0.0147,-0.585034,0.5594,63926,Kunkle2019load,TRUE,reported,0.0035,-4.97143,7.027e-7,187167,Willer2013hdl,TRUE,reported,Dc8SI7,2,TRUE,5e-6,1.395780871270224e-4,1,TRUE
rs4939883,C,T,C,T,0.0799,-0.0046,0.8193,0.8347,FALSE,FALSE,FALSE,F6xd2T,0.0192,-0.239583,0.8103,63926,Kunkle2019load,TRUE,reported,0.0045,17.755555555555556,1.7959999999999997e-66,187167,Willer2013hdl,TRUE,reported,Dc8SI7,2,TRUE,5e-6,1.0582875379519397e-4,1,TRUE
rs4969178,G,A,G,A,0.0263,0.0072,0.6266,0.6057,FALSE,FALSE,FALSE,F6xd2T,0.0146,0.493151,0.6246,63926,Kunkle2019load,TRUE,reported,0.0035,7.514285714285714,1.5319999999999997e-12,187167,Willer2013hdl,TRUE,reported,Dc8SI7,2,TRUE,5e-6,1.4583169285121094e-4,1,TRUE
rs4976033,G,A,G,A,-0.0215,-0.0124,0.3799,0.4208,FALSE,FALSE,FALSE,F6xd2T,0.0155,-0.8,0.42200000000000004,63926,Kunkle2019load,TRUE,reported,0.0037,-5.81081,6.421e-8,187167,Willer2013hdl,TRUE,reported,Dc8SI7,2,TRUE,5e-6,2.6848511731292695e-4,1,TRUE
rs4983559,A,G,A,G,-0.0197,0.0213,0.6227,0.6086,FALSE,FALSE,FALSE,F6xd2T,0.0148,1.439189189189189,0.1489,63926,Kunkle2019load,TRUE,reported,0.0036,-5.47222,9.565e-9,187167,Willer2013hdl,TRUE,reported,Dc8SI7,2,TRUE,5e-6,3.1411540724046337e-4,1,TRUE
rs499974,A,C,A,C,-0.0263,-0.0163,0.1755,0.169,FALSE,FALSE,FALSE,F6xd2T,0.0188,-0.8670212765957446,0.3879,63926,Kunkle2019load,TRUE,reported,0.0044,-5.97727,1.1200000000000001e-8,187167,Willer2013hdl,TRUE,reported,Dc8SI7,2,TRUE,5e-6,4.485457279543216e-4,1,TRUE
rs593245,T,C,T,C,0.0208,0.015,0.4314,0.447,FALSE,FALSE,FALSE,F6xd2T,0.0146,1.0273972602739725,0.3035,63926,Kunkle2019load,TRUE,reported,0.0038,5.473684210526316,5.686e-8,187167,Willer2013hdl,TRUE,reported,Dc8SI7,2,TRUE,5e-6,3.559057567852177e-4,1,TRUE
rs6058202,G,A,G,A,-0.0179,0.0065,0.5369,0.5613,FALSE,FALSE,FALSE,F6xd2T,0.0146,0.445205,0.6565,63926,Kunkle2019load,TRUE,reported,0.0034,-5.26471,1.275e-7,187167,Willer2013hdl,TRUE,reported,Dc8SI7,2,TRUE,5e-6,1.0372111874916688e-5,1,TRUE
rs62101704,A,G,A,G,-0.1256,-0.0569,0.02375,0.0144,FALSE,FALSE,FALSE,F6xd2T,0.0651,-0.8740399385560675,0.3821,63926,Kunkle2019load,TRUE,reported,0.0221,-5.68326,3.6270000000000004e-7,187167,Willer2013hdl,TRUE,reported,Dc8SI7,2,TRUE,5e-6,0.006452258488275844,1,TRUE
rs633695,G,A,G,A,0.0885,0.0029,0.285,0.2941,FALSE,FALSE,FALSE,F6xd2T,0.0156,0.185897,0.8539,63926,Kunkle2019load,TRUE,reported,0.0054,16.388888888888886,7.82e-58,187167,Willer2013hdl,TRUE,reported,Dc8SI7,2,TRUE,5e-6,3.97754590695067e-4,1,TRUE
rs636049,C,A,C,A,-0.0188,-0.0058,0.3034,0.3002,FALSE,FALSE,FALSE,F6xd2T,0.0156,-0.371795,0.7111,63926,Kunkle2019load,TRUE,reported,0.0038,-4.94737,3.99e-6,187167,Willer2013hdl,TRUE,reported,Dc8SI7,2,TRUE,5e-6,8.588515584446298e-5,1,TRUE
rs6450176,A,G,A,G,-0.0254,0.0036,0.2784,0.2574,FALSE,FALSE,FALSE,F6xd2T,0.0163,0.22085889570552147,0.8265,63926,Kunkle2019load,TRUE,reported,0.0039,-6.51282,6.875000000000001e-10,187167,Willer2013hdl,TRUE,reported,Dc8SI7,2,TRUE,5e-6,1.1348006200141339e-6,1,TRUE
rs6485672,A,G,A,G,-0.0246,-0.0125,0.4974,0.4886,FALSE,FALSE,FALSE,F6xd2T,0.0146,-0.8561643835616439,0.3904,63926,Kunkle2019load,TRUE,reported,0.0035,-7.02857,3.418e-10,187167,Willer2013hdl,TRUE,reported,Dc8SI7,2,TRUE,5e-6,2.915772745362939e-4,1,TRUE
rs650194,G,A,G,A,0.0228,0.0021,0.6583,0.6634,FALSE,FALSE,FALSE,F6xd2T,0.0151,0.139073,0.8896,63926,Kunkle2019load,TRUE,reported,0.0044,5.181818181818182,1.584e-6,187167,Willer2013hdl,TRUE,reported,Dc8SI7,2,TRUE,5e-6,3.9724524545302194e-5,1,TRUE
rs653178,T,C,T,C,0.0263,0.0263,0.5317,0.5044,FALSE,FALSE,FALSE,F6xd2T,0.0143,1.8391608391608392,0.06626,63926,Kunkle2019load,TRUE,reported,0.0035,7.514285714285714,1.0640000000000001e-12,187167,Willer2013hdl,TRUE,reported,Dc8SI7,2,TRUE,5e-6,9.771267583218485e-4,1,TRUE
rs6567160,C,T,C,T,-0.0257,-0.0334,0.2309,0.234,FALSE,FALSE,FALSE,F6xd2T,0.0169,-1.97633,0.04773,63926,Kunkle2019load,TRUE,reported,0.0041,-6.26829,2.918e-9,187167,Willer2013hdl,TRUE,reported,Dc8SI7,2,TRUE,5e-6,0.0014613262859066065,1,TRUE
rs6680658,A,G,A,G,0.0232,-0.0082,0.2309,0.2343,FALSE,FALSE,FALSE,F6xd2T,0.017,-0.4823529411764706,0.6301,63926,Kunkle2019load,TRUE,reported,0.0041,5.6585365853658525,7.487e-8,187167,Willer2013hdl,TRUE,reported,Dc8SI7,2,TRUE,5e-6,1.560980708944862e-5,1,TRUE
rs676210,A,G,A,G,0.066,-0.0361,0.2309,0.214,FALSE,FALSE,FALSE,F6xd2T,0.0173,-2.086705202312139,0.03692,63926,Kunkle2019load,TRUE,reported,0.004,16.5,2.3449999999999997e-54,187167,Willer2013hdl,TRUE,reported,Dc8SI7,2,TRUE,5e-6,5.967855638284249e-4,1,TRUE
rs6805251,C,T,C,T,-0.02,0.015,0.6187,0.605,FALSE,FALSE,FALSE,F6xd2T,0.0145,1.03448,0.3009,63926,Kunkle2019load,TRUE,reported,0.0035,-5.71429,1.3319999999999998e-8,187167,Willer2013hdl,TRUE,reported,Dc8SI7,2,TRUE,5e-6,1.289593383383805e-4,1,TRUE
rs6855363,C,T,C,T,0.0184,0.0186,0.347,0.3405,FALSE,FALSE,FALSE,F6xd2T,0.0153,1.21569,0.2222,63926,Kunkle2019load,TRUE,reported,0.0036,5.111111111111112,3.2159999999999997e-7,187167,Willer2013hdl,TRUE,reported,Dc8SI7,2,TRUE,5e-6,4.8474476050390557e-4,1,TRUE
rs686030,A,C,A,C,0.055,-0.0179,0.8588,0.8556,FALSE,FALSE,FALSE,F6xd2T,0.0214,-0.8364485981308412,0.40399999999999997,63926,Kunkle2019load,TRUE,reported,0.0049,11.224489795918368,4.292e-27,187167,Willer2013hdl,TRUE,reported,Dc8SI7,2,TRUE,5e-6,6.19339378080444e-5,1,TRUE
rs6872354,C,T,C,T,0.017,0.025,0.3905,0.3449,FALSE,FALSE,FALSE,F6xd2T,0.015,1.66667,0.09449,63926,Kunkle2019load,TRUE,reported,0.0035,4.857142857142858,4.6060000000000005e-6,187167,Willer2013hdl,TRUE,reported,Dc8SI7,2,TRUE,5e-6,7.932874451389382e-4,1,TRUE
rs687339,T,C,T,C,-0.0316,-0.0342,0.7665,0.7673,FALSE,FALSE,FALSE,F6xd2T,0.0169,-2.0236686390532546,0.04305,63926,Kunkle2019load,TRUE,reported,0.0042,-7.52381,7.108e-13,187167,Willer2013hdl,TRUE,reported,Dc8SI7,2,TRUE,5e-6,0.0016140387808533554,1,TRUE
rs6968554,G,A,G,A,-0.0184,0.0144,0.6266,0.6193,FALSE,FALSE,FALSE,F6xd2T,0.0148,0.972973,0.33,63926,Kunkle2019load,TRUE,reported,0.0037,-4.97297,2.8110000000000003e-6,187167,Willer2013hdl,TRUE,reported,Dc8SI7,2,TRUE,5e-6,1.2197096810690925e-4,1,TRUE
rs7014168,A,G,A,G,-0.0267,-0.0289,0.2414,0.2246,FALSE,FALSE,FALSE,F6xd2T,0.0171,-1.6900584795321636,0.09147999999999999,63926,Kunkle2019load,TRUE,reported,0.0041,-6.5122,9.203e-10,187167,Willer2013hdl,TRUE,reported,Dc8SI7,2,TRUE,5e-6,0.0011494595401248158,1,TRUE
rs702485,G,A,G,A,0.0243,-0.0399,0.4499,0.4425,FALSE,FALSE,FALSE,F6xd2T,0.0143,-2.79021,0.005413,63926,Kunkle2019load,TRUE,reported,0.0034,7.147058823529412,6.450000000000001e-12,187167,Willer2013hdl,TRUE,reported,Dc8SI7,2,TRUE,5e-6,0.00126507339714317,1,TRUE
rs7076938,T,C,T,C,0.0195,0.0059,0.657,0.7184,FALSE,FALSE,FALSE,F6xd2T,0.016,0.36874999999999997,0.7122,63926,Kunkle2019load,TRUE,reported,0.004,4.875,1.712e-7,187167,Willer2013hdl,TRUE,reported,Dc8SI7,2,TRUE,5e-6,9.018753731455062e-5,1,TRUE
rs7117842,C,T,C,T,0.0272,0.0349,0.3892,0.3721,FALSE,FALSE,FALSE,F6xd2T,0.0148,2.35811,0.01826,63926,Kunkle2019load,TRUE,reported,0.0035,7.7714285714285705,1.0570000000000001e-14,187167,Willer2013hdl,TRUE,reported,Dc8SI7,2,TRUE,5e-6,0.00160489049979225,1,TRUE
rs7306660,A,G,A,G,-0.0345,-0.0108,0.3694,0.3631,FALSE,FALSE,FALSE,F6xd2T,0.0151,-0.7152317880794702,0.4735,63926,Kunkle2019load,TRUE,reported,0.0036,-9.58333,3.3409999999999997e-19,187167,Willer2013hdl,TRUE,reported,Dc8SI7,2,TRUE,5e-6,2.9737310181321717e-4,1,TRUE
rs731839,A,G,A,G,0.022000000000000002,-0.0108,0.6583,0.6597,FALSE,FALSE,FALSE,F6xd2T,0.0152,-0.7105263157894737,0.4794,63926,Kunkle2019load,TRUE,reported,0.0037,5.9459459459459465,3.441e-9,187167,Willer2013hdl,TRUE,reported,Dc8SI7,2,TRUE,5e-6,4.59644677085927e-5,1,TRUE
rs737337,C,T,C,T,-0.0565,0.021,0.0686,0.0793,FALSE,FALSE,FALSE,F6xd2T,0.0269,0.780669,0.4346,63926,Kunkle2019load,TRUE,reported,0.0061,-9.2623,4.5639999999999994e-17,187167,Willer2013hdl,TRUE,reported,Dc8SI7,2,TRUE,5e-6,1.1424346705054048e-4,1,TRUE
rs7601692,G,T,G,T,0.0167,-0.0192,0.4974,0.4753,FALSE,FALSE,FALSE,F6xd2T,0.0143,-1.34266,0.1784,63926,Kunkle2019load,TRUE,reported,0.0034,4.911764705882353,1.575e-6,187167,Willer2013hdl,TRUE,reported,Dc8SI7,2,TRUE,5e-6,2.6121900775877635e-4,1,TRUE
rs7607980,C,T,C,T,0.0447,0.0039,0.1491,0.129,FALSE,FALSE,FALSE,F6xd2T,0.0213,0.183099,0.8555,63926,Kunkle2019load,TRUE,reported,0.0052,8.596153846153847,1.807e-15,187167,Willer2013hdl,TRUE,reported,Dc8SI7,2,TRUE,5e-6,1.4814005001166687e-4,1,TRUE
rs7925397,C,A,C,A,0.0373,0.0474,0.1398,0.1343,FALSE,FALSE,FALSE,F6xd2T,0.0212,2.23585,0.02543,63926,Kunkle2019load,TRUE,reported,0.0056,6.660714285714286,1.3930000000000003e-10,187167,Willer2013hdl,TRUE,reported,Dc8SI7,2,TRUE,5e-6,0.0029654941290252483,1,TRUE
rs7949865,T,G,T,G,0.045,0.058,0.1161,0.1095,FALSE,FALSE,FALSE,F6xd2T,0.0257,2.2568093385214008,0.02371,63926,Kunkle2019load,TRUE,reported,0.005,9,1.37e-18,187167,Willer2013hdl,TRUE,reported,Dc8SI7,2,TRUE,5e-6,0.004424073416748819,1,TRUE
rs8211,T,C,T,C,-0.0201,0.0051,0.5844,0.6061,FALSE,FALSE,FALSE,F6xd2T,0.0148,0.3445945945945946,0.7274,63926,Kunkle2019load,TRUE,reported,0.0035,-5.74286,8.049e-8,187167,Willer2013hdl,TRUE,reported,Dc8SI7,2,TRUE,5e-6,1.9993786491674646e-6,1,TRUE
rs838876,G,A,G,A,-0.0493,0.0041,0.6741,0.6753,FALSE,FALSE,FALSE,F6xd2T,0.0156,0.262821,0.7955,63926,Kunkle2019load,TRUE,reported,0.0039,-12.641,7.325e-33,187167,Willer2013hdl,TRUE,reported,Dc8SI7,2,TRUE,5e-6,2.511167580437546e-5,1,TRUE
rs871226,G,A,G,A,0.0276,0.0643,0.1266,0.115,FALSE,FALSE,FALSE,F6xd2T,0.0223,2.88341,0.003924,63926,Kunkle2019load,TRUE,reported,0.0051,5.411764705882352,5.123e-7,187167,Willer2013hdl,TRUE,reported,Dc8SI7,2,TRUE,5e-6,0.004830047008180645,0.3135,TRUE
rs884366,A,G,A,G,-0.0199,-0.0275,0.3179,0.3082,FALSE,FALSE,FALSE,F6xd2T,0.0154,-1.7857142857142856,0.07402,63926,Kunkle2019load,TRUE,reported,0.0037,-5.37838,1.671e-7,187167,Willer2013hdl,TRUE,reported,Dc8SI7,2,TRUE,5e-6,9.745335945755365e-4,1,TRUE
rs895954,A,G,A,G,-0.0224,-0.0171,0.7968,0.8116,FALSE,FALSE,FALSE,F6xd2T,0.0182,-0.9395604395604396,0.3493,63926,Kunkle2019load,TRUE,reported,0.0045,-4.97778,1.335e-6,187167,Willer2013hdl,TRUE,reported,Dc8SI7,2,TRUE,5e-6,4.5162775545735907e-4,1,TRUE
rs931992,T,G,T,G,0.034,0.0183,0.6755,0.6629,FALSE,FALSE,FALSE,F6xd2T,0.015,1.22,0.2229,63926,Kunkle2019load,TRUE,reported,0.0036,9.444444444444445,5.447e-20,187167,Willer2013hdl,TRUE,reported,Dc8SI7,2,TRUE,5e-6,6.100258658231059e-4,1,TRUE
rs9457931,G,A,G,A,-0.0552,0.0546,0.0686,0.0606,FALSE,FALSE,FALSE,F6xd2T,0.0304,1.79605,0.07268,63926,Kunkle2019load,TRUE,reported,0.0073,-7.56164,7.297e-13,187167,Willer2013hdl,TRUE,reported,Dc8SI7,2,TRUE,5e-6,0.0019937841696830235,1,TRUE
rs970548,C,A,C,A,0.0258,0.0077,0.277,0.2485,FALSE,FALSE,FALSE,F6xd2T,0.0164,0.469512,0.6375,63926,Kunkle2019load,TRUE,reported,0.0039,6.615384615384616,1.7059999999999998e-10,187167,Willer2013hdl,TRUE,reported,Dc8SI7,2,TRUE,5e-6,1.555992555809673e-4,1,TRUE
rs9911799,T,C,T,C,-0.0171,0.0039,0.5264,0.5416,FALSE,FALSE,FALSE,F6xd2T,0.0144,0.2708333333333333,0.7842,63926,Kunkle2019load,TRUE,reported,0.0034,-5.02941,2.053e-6,187167,Willer2013hdl,TRUE,reported,Dc8SI7,2,TRUE,5e-6,5.817403762653403e-7,1,TRUE
rs998584,A,C,A,C,-0.026,-0.0172,0.5145,0.4888,FALSE,FALSE,FALSE,F6xd2T,0.0154,-1.1168831168831168,0.2647,63926,Kunkle2019load,TRUE,reported,0.0038,-6.84211,2.269e-11,187167,Willer2013hdl,TRUE,reported,Dc8SI7,2,TRUE,5e-6,4.8622519658769405e-4,1,TRUE
rs9989419,G,A,G,A,0.1473,0,0.595,0.6052,FALSE,FALSE,FALSE,F6xd2T,0.0146,0,0.998,63926,Kunkle2019load,TRUE,reported,0.0036,40.916666666666664,1e-200,187167,Willer2013hdl,TRUE,reported,Dc8SI7,2,TRUE,5e-6,9.58817588321933e-4,1,TRUE
