exposure	pt	model	term	estimate	std.error	statistic	p.value	r2	window
Howard2019dep23andMe	5e-08	GWS_best	(Intercept)	0.769418494937553	0.1498940928304034	5.133080833332812	2.850374136143583e-7	0.001	10000
Howard2019dep23andMe	5e-08	GWS_best	`prs.pt_5e-08`	-0.01301804505930949	0.014141965899703068	-0.9205258414307748	0.3572980353739267	0.001	10000
Howard2019dep23andMe	5e-08	GWS_best	aaoaae2	-0.01770914496719098	0.0018884460468512616	-9.377628233922106	6.7473386244576084e-21	0.001	10000
Howard2019dep23andMe	5e-08	GWS_best	sex2	-0.05735031811780751	0.02870315869242729	-1.9980490207490007	0.045711345822041005	0.001	10000
Howard2019dep23andMe	5e-08	GWS_best	apoe4dose	1.2702412177642897	0.026288110830026544	48.31998868147678	0	0.001	10000
Howard2019dep23andMe	5e-08	GWS_best	cohortADC1	0.9984306999866829	0.07263840364074443	13.745218093237964	5.440885265800543e-43	0.001	10000
Howard2019dep23andMe	5e-08	GWS_best	cohortUPITT	0.39175994999518127	0.06916458837666485	5.664169471546447	1.477383395931521e-8	0.001	10000
Howard2019dep23andMe	5e-08	GWS_best	cohortACT	-0.7579573378495308	0.07294653797297486	-10.390586844989654	2.7366407078335523e-25	0.001	10000
Howard2019dep23andMe	5e-08	GWS_best	cohortLOAD	-0.040579042673794	0.06913176874797014	-0.5869811145977006	0.5572163904314538	0.001	10000
Howard2019dep23andMe	5e-08	GWS_best	cohortMAYO	-0.5437499653578887	0.07198963544622046	-7.553170147167847	4.247894590904787e-14	0.001	10000
Howard2019dep23andMe	5e-08	GWS_best	cohortADC9	0.3896600964349755	0.07217184267366587	5.39905982720814	6.699103319052542e-8	0.001	10000
Howard2019dep23andMe	5e-08	GWS_best	cohortADC7	-0.573416941178068	0.0774493276579753	-7.40376912902769	1.3237248252471518e-13	0.001	10000
Howard2019dep23andMe	5e-08	GWS_best	cohortADC10	0.2706667084285238	0.0814474466585718	3.323206798159804	8.898891714657539e-4	0.001	10000
Howard2019dep23andMe	5e-08	GWS_best	cohortADC3	0.16133719683583578	0.07975644389204799	2.022873500405924	0.043086191295452506	0.001	10000
Howard2019dep23andMe	5e-08	GWS_best	cohortTGEN2	0.5614239536140272	0.08603897378224491	6.525228381209298	6.78979967332482e-11	0.001	10000
Howard2019dep23andMe	5e-08	GWS_best	cohortROSMAP	-0.43040562792272263	0.09115057333951299	-4.72191904179878	2.3362968411502656e-6	0.001	10000
Howard2019dep23andMe	5e-08	GWS_best	cohortADC8	-0.20302259760945726	0.08655158064094905	-2.345683303597621	0.01899223722578407	0.001	10000
Howard2019dep23andMe	5e-08	GWS_best	cohortADC5	-0.6203059236668109	0.09453007332591618	-6.561995583438833	5.309238876704161e-11	0.001	10000
Howard2019dep23andMe	5e-08	GWS_best	cohortMIRAGE	0.38871981554595336	0.09839556965800644	3.9505824997713526	7.796121820284899e-5	0.001	10000
Howard2019dep23andMe	5e-08	GWS_best	cohortADC2	1.3006579076567375	0.11072741943503059	11.74648442357947	7.3618324992529e-32	0.001	10000
Howard2019dep23andMe	5e-08	GWS_best	cohortADC4	-0.2355958770058095	0.098151387654202	-2.4003315962871494	0.01638022587149679	0.001	10000
Howard2019dep23andMe	5e-08	GWS_best	cohortWHICAP	-1.8465496541202366	0.14313892998838584	-12.90040140910697	4.477587132066e-38	0.001	10000
Howard2019dep23andMe	5e-08	GWS_best	cohortUKS	4.4403103144068385	0.38343938436026886	11.580214488960392	5.191599534975654e-31	0.001	10000
Howard2019dep23andMe	5e-08	GWS_best	cohortADC6	-0.48434598286068953	0.1066695787478538	-4.54061962694715	5.608914326123148e-6	0.001	10000
Howard2019dep23andMe	5e-08	GWS_best	cohortWASHU	0.5801370780638321	0.1097984589121223	5.283654104181439	1.2663224563869887e-7	0.001	10000
Howard2019dep23andMe	5e-08	GWS_best	cohortTARC1	0.4621862590088134	0.1116223321251691	4.14062535882636	3.4636025863227296e-5	0.001	10000
Howard2019dep23andMe	5e-08	GWS_best	cohortADNI	0.3572815098037466	0.1163324409621955	3.071211322040876	0.002131922056731785	0.001	10000
Howard2019dep23andMe	5e-08	GWS_best	cohortMTV	0.6426023680055168	0.13296990540985035	4.83269026946238	1.3470026984328366e-6	0.001	10000
Howard2019dep23andMe	5e-08	GWS_best	cohortOHSU	0.31282849611011954	0.14073640951834543	2.2227971935673216	0.026229478422265487	0.001	10000
Howard2019dep23andMe	5e-08	GWS_best	cohortRMayo	-2.6494073573281978	0.3080283984865199	-8.601178885927112	7.890139096967211e-18	0.001	10000
Howard2019dep23andMe	5e-08	GWS_best	cohortCHAP	-1.4371088704016395	0.2265591760244669	-6.34319428424493	2.2504932238599667e-10	0.001	10000
Howard2019dep23andMe	5e-08	GWS_best	cohortEAS	-2.583484149463846	0.3537752727628812	-7.302613688310074	2.822306536134117e-13	0.001	10000
Howard2019dep23andMe	5e-08	GWS_best	cohortROSMAP2	0.05830362439431534	0.20263576094454097	0.2877262341185294	0.7735563068939357	0.001	10000
Howard2019dep23andMe	5e-08	GWS_best	cohortBIOCARD	-3.174447789871267	0.4327303292403685	-7.33585694222962	2.2030724788940257e-13	0.001	10000
Howard2019dep23andMe	5e-08	GWS_best	cohortWASHU2	-0.6987486783262659	0.2256043197461448	-3.097230935615568	0.0019533763424751482	0.001	10000
Howard2019dep23andMe	5e-08	GWS_best	cohortNBB	0.7673286870536109	0.25328962572014874	3.0294516993025478	0.002449980757827358	0.001	10000
Howard2019dep23andMe	5e-08	GWS_best	cohortACT2	1.2898971831099253	0.45967335182556	2.8061169480179573	0.005014249015032118	0.001	10000
Howard2019dep23andMe	5e-08	GWS_best	jointPC1	-12.710981688037762	2.5519921756527273	-4.980807468497294	6.33195120807399e-7	0.001	10000
Howard2019dep23andMe	5e-08	GWS_best	jointPC2	2.730410828547617	2.443285591098325	1.1175160359866982	0.26377374695838846	0.001	10000
Howard2019dep23andMe	5e-08	GWS_best	jointPC3	2.629256176764236	2.4178425217168944	1.08743896806696	0.27684285740127823	0.001	10000
Howard2019dep23andMe	5e-08	GWS_best	jointPC4	-2.3266553940674854	2.4466803009332168	-0.9509437719264134	0.34163291999077433	0.001	10000
Howard2019dep23andMe	5e-08	GWS_best	jointPC5	1.593343782949754	2.428639720485997	0.6560642854967836	0.511782762590816	0.001	10000
Howard2019dep23andMe	5e-08	GWS_best	jointPC6	-0.8783530048641267	2.4915262611689575	-0.3525361215546759	0.7244362339034214	0.001	10000
Howard2019dep23andMe	5e-08	GWS_best	jointPC7	10.547341872370028	2.435056412172741	4.33145688931243	1.4812595260734452e-5	0.001	10000
Howard2019dep23andMe	5e-08	GWS_best	jointPC8	7.12649218886066	2.433489056647162	2.9285080076256738	0.003405930594638967	0.001	10000
Howard2019dep23andMe	5e-08	GWS_best	jointPC9	-0.17559642009302756	2.4467601123101375	-0.07176691299223287	0.9427874045054474	0.001	10000
Howard2019dep23andMe	5e-08	GWS_best	jointPC10	-4.895548890414856	2.4466508776834552	-2.000918453494302	0.04540117855972097	0.001	10000
Howard2019dep23andMe	1e-06	other	(Intercept)	0.7691435873333022	0.14989240794845268	5.131304499410052	2.8774098436865053e-7	0.001	10000
Howard2019dep23andMe	1e-06	other	`prs.pt_1e-06`	-0.007556147758986466	0.014100513213759469	-0.5358774992397494	0.59204321616135	0.001	10000
Howard2019dep23andMe	1e-06	other	aaoaae2	-0.017706364598028518	0.0018884282535115743	-9.376244273566199	6.83645873319824e-21	0.001	10000
Howard2019dep23andMe	1e-06	other	sex2	-0.05737938478129772	0.028702619955728814	-1.9990992066159887	0.04559762096633261	0.001	10000
Howard2019dep23andMe	1e-06	other	apoe4dose	1.2702169418200722	0.026288126650995607	48.319036144478005	0	0.001	10000
Howard2019dep23andMe	1e-06	other	cohortADC1	0.9986233287045203	0.07263939619656141	13.747682125581777	5.258746460410978e-43	0.001	10000
Howard2019dep23andMe	1e-06	other	cohortUPITT	0.39239806777928504	0.06916017283021655	5.6737577672426465	1.3969863397780944e-8	0.001	10000
Howard2019dep23andMe	1e-06	other	cohortACT	-0.7580758378869233	0.07294508544938101	-10.392418258430542	2.684586984665304e-25	0.001	10000
Howard2019dep23andMe	1e-06	other	cohortLOAD	-0.04023796493091238	0.06912908937395408	-0.5820699403871061	0.5605195716164307	0.001	10000
Howard2019dep23andMe	1e-06	other	cohortMAYO	-0.5437319060910839	0.07199140182401856	-7.55273396981802	4.2621502169920443e-14	0.001	10000
Howard2019dep23andMe	1e-06	other	cohortADC9	0.38966122941196085	0.07217185994828192	5.399074233242577	6.698565472032656e-8	0.001	10000
Howard2019dep23andMe	1e-06	other	cohortADC7	-0.5738139566524926	0.07744873336400256	-7.408952112303956	1.2730125941721094e-13	0.001	10000
Howard2019dep23andMe	1e-06	other	cohortADC10	0.27072770050836864	0.08144943651340024	3.3238744440402352	8.877615479899839e-4	0.001	10000
Howard2019dep23andMe	1e-06	other	cohortADC3	0.1611639721993122	0.07975747926993325	2.020675348249971	0.04331338334994975	0.001	10000
Howard2019dep23andMe	1e-06	other	cohortTGEN2	0.5617642799369139	0.08603894995873333	6.529185679350476	6.612823074442756e-11	0.001	10000
Howard2019dep23andMe	1e-06	other	cohortROSMAP	-0.4303459436184485	0.09114861057580123	-4.721365919895874	2.342660406155947e-6	0.001	10000
Howard2019dep23andMe	1e-06	other	cohortADC8	-0.20278150106117745	0.08654724005390194	-2.343015224227652	0.019128602537585426	0.001	10000
Howard2019dep23andMe	1e-06	other	cohortADC5	-0.6204734039753208	0.09453355249078411	-6.563525728452969	5.255016288821696e-11	0.001	10000
Howard2019dep23andMe	1e-06	other	cohortMIRAGE	0.38956006966977336	0.09838579164954366	3.959515526971727	7.51019618011491e-5	0.001	10000
Howard2019dep23andMe	1e-06	other	cohortADC2	1.3013178201344355	0.11072600784904799	11.75259404193921	6.848372057408285e-32	0.001	10000
Howard2019dep23andMe	1e-06	other	cohortADC4	-0.2359846550544662	0.09814042383605505	-2.4045611974193415	0.01619189491313629	0.001	10000
Howard2019dep23andMe	1e-06	other	cohortWHICAP	-1.8463520954472212	0.1431451910802852	-12.89845702473977	4.5919957697273745e-38	0.001	10000
Howard2019dep23andMe	1e-06	other	cohortUKS	4.439786163326676	0.3834399491179512	11.578830462344285	5.276093816551788e-31	0.001	10000
Howard2019dep23andMe	1e-06	other	cohortADC6	-0.4841129818517645	0.1066707922204206	-4.538383673493408	5.6687052223197026e-6	0.001	10000
Howard2019dep23andMe	1e-06	other	cohortWASHU	0.5800629522352349	0.10979944103590032	5.282931741388154	1.271327694801843e-7	0.001	10000
Howard2019dep23andMe	1e-06	other	cohortTARC1	0.46235494463267107	0.11161842012562165	4.142281749842999	3.4386754172350844e-5	0.001	10000
Howard2019dep23andMe	1e-06	other	cohortADNI	0.357188320902153	0.11633911899435787	3.0702340192164916	0.002138911051110474	0.001	10000
Howard2019dep23andMe	1e-06	other	cohortMTV	0.643116780713561	0.13296711014077456	4.836660584957305	1.3203860681557738e-6	0.001	10000
Howard2019dep23andMe	1e-06	other	cohortOHSU	0.313276228885494	0.14073570884668474	2.225989632999058	0.026014875829709048	0.001	10000
Howard2019dep23andMe	1e-06	other	cohortRMayo	-2.6490147677021367	0.3080291788782279	-8.5998825739472	7.979770371596273e-18	0.001	10000
Howard2019dep23andMe	1e-06	other	cohortCHAP	-1.4370402171437802	0.22654381450857036	-6.343321358215303	2.2486368708934647e-10	0.001	10000
Howard2019dep23andMe	1e-06	other	cohortEAS	-2.5845448164360105	0.3537804092247988	-7.305505757368667	2.7622575259100725e-13	0.001	10000
Howard2019dep23andMe	1e-06	other	cohortROSMAP2	0.05739336957675094	0.2026449514742824	0.28322131471424644	0.7770071902149589	0.001	10000
Howard2019dep23andMe	1e-06	other	cohortBIOCARD	-3.1735112132142187	0.43275889817494484	-7.333208459947857	2.2470699460258887e-13	0.001	10000
Howard2019dep23andMe	1e-06	other	cohortWASHU2	-0.698310425232369	0.22558739619306262	-3.0955205699290915	0.001964677450444346	0.001	10000
Howard2019dep23andMe	1e-06	other	cohortNBB	0.7681299388346385	0.2532670223717979	3.0328857331730226	0.002422273020998066	0.001	10000
Howard2019dep23andMe	1e-06	other	cohortACT2	1.289104668058852	0.459720950565978	2.8041025027721527	0.005045686112613671	0.001	10000
Howard2019dep23andMe	1e-06	other	jointPC1	-12.655232976737567	2.553421083462313	-4.956187233943293	7.188994228273026e-7	0.001	10000
Howard2019dep23andMe	1e-06	other	jointPC2	2.60564647215718	2.4385522886676667	1.0685218784382957	0.28528516677400045	0.001	10000
Howard2019dep23andMe	1e-06	other	jointPC3	2.5766769498823554	2.4168062133581154	1.0661495885109058	0.28635602627584295	0.001	10000
Howard2019dep23andMe	1e-06	other	jointPC4	-2.3512357948897167	2.4465115562734665	-0.9610564842256972	0.3365237680277388	0.001	10000
Howard2019dep23andMe	1e-06	other	jointPC5	1.6039912457829106	2.428695720209919	0.6604331833072415	0.5089758833983848	0.001	10000
Howard2019dep23andMe	1e-06	other	jointPC6	-0.9338086799655697	2.49050824252664	-0.37494703451300915	0.7076998580180032	0.001	10000
Howard2019dep23andMe	1e-06	other	jointPC7	10.533029256232462	2.434929943206666	4.325803822659905	1.5197663518621329e-5	0.001	10000
Howard2019dep23andMe	1e-06	other	jointPC8	7.1242125532144485	2.4336377069050483	2.927392410546838	0.0034181730255829082	0.001	10000
Howard2019dep23andMe	1e-06	other	jointPC9	-0.13999572490310647	2.446383330115299	-0.057225588148734	0.9543654951604036	0.001	10000
Howard2019dep23andMe	1e-06	other	jointPC10	-4.905703864936315	2.4466588262373046	-2.005062500880335	0.044956365725944476	0.001	10000
Howard2019dep23andMe	1e-05	other	(Intercept)	0.7696535988247865	0.14989913697430776	5.134476517744746	2.829304150964444e-7	0.001	10000
Howard2019dep23andMe	1e-05	other	`prs.pt_1e-05`	-0.0064055841363394265	0.014081832158176707	-0.45488286356402724	0.6491935118897861	0.001	10000
Howard2019dep23andMe	1e-05	other	aaoaae2	-0.017712231627738217	0.0018884634253410269	-9.379176419336618	6.64900434107984e-21	0.001	10000
Howard2019dep23andMe	1e-05	other	sex2	-0.05740002917574944	0.028702511978628453	-1.9998259810322112	0.04551905807114184	0.001	10000
Howard2019dep23andMe	1e-05	other	apoe4dose	1.27015334675466	0.026288198678794946	48.31648460490424	0	0.001	10000
Howard2019dep23andMe	1e-05	other	cohortADC1	0.9987892943031687	0.07263672269875937	13.750473000349558	5.059763968923048e-43	0.001	10000
Howard2019dep23andMe	1e-05	other	cohortUPITT	0.39222712333055987	0.06916265694214088	5.671082353858726	1.4189816205989647e-8	0.001	10000
Howard2019dep23andMe	1e-05	other	cohortACT	-0.7581795526981178	0.0729466528832209	-10.393616742249641	2.6510552172844014e-25	0.001	10000
Howard2019dep23andMe	1e-05	other	cohortLOAD	-0.04039276143473857	0.06913271425562126	-0.5842785412038728	0.5590329270433301	0.001	10000
Howard2019dep23andMe	1e-05	other	cohortMAYO	-0.5436124889487483	0.0719914021067825	-7.551075170649206	4.3167958335828256e-14	0.001	10000
Howard2019dep23andMe	1e-05	other	cohortADC9	0.38944177054912454	0.07217729943035303	5.395626791563649	6.828475154498925e-8	0.001	10000
Howard2019dep23andMe	1e-05	other	cohortADC7	-0.5738029737082398	0.07744909085707684	-7.408776105159524	1.2747029694185555e-13	0.001	10000
Howard2019dep23andMe	1e-05	other	cohortADC10	0.27076180420520835	0.0814488409528535	3.3243174615822744	8.863523635223141e-4	0.001	10000
Howard2019dep23andMe	1e-05	other	cohortADC3	0.16119668287166158	0.07975882141960244	2.021051464936066	0.04327443783401419	0.001	10000
Howard2019dep23andMe	1e-05	other	cohortTGEN2	0.5616178687330353	0.08604438504412314	6.527071678704432	6.706795612164299e-11	0.001	10000
Howard2019dep23andMe	1e-05	other	cohortROSMAP	-0.43050652399951894	0.09114685507507686	-4.72321863047183	2.3214105563258016e-6	0.001	10000
Howard2019dep23andMe	1e-05	other	cohortADC8	-0.2026415205308005	0.08654708473070324	-2.341402037530582	0.019211466919214566	0.001	10000
Howard2019dep23andMe	1e-05	other	cohortADC5	-0.6205263675467004	0.0945343717276088	-6.564029106097878	5.237297182380138e-11	0.001	10000
Howard2019dep23andMe	1e-05	other	cohortMIRAGE	0.38943462837856563	0.0983879691328357	3.9581529307997156	7.55315933355153e-5	0.001	10000
Howard2019dep23andMe	1e-05	other	cohortADC2	1.3012505776172276	0.11072692061580522	11.75188987809245	6.90568891043371e-32	0.001	10000
Howard2019dep23andMe	1e-05	other	cohortADC4	-0.23608160133386116	0.09814160206434859	-2.4055201501506907	0.016149461321950047	0.001	10000
Howard2019dep23andMe	1e-05	other	cohortWHICAP	-1.8461769933329168	0.14314133074475152	-12.89758159804316	4.6444506053059983e-38	0.001	10000
Howard2019dep23andMe	1e-05	other	cohortUKS	4.439820602785321	0.3834404584988435	11.578904897430672	5.271515046888244e-31	0.001	10000
Howard2019dep23andMe	1e-05	other	cohortADC6	-0.48414053082907005	0.10667242522484903	-4.538572454958031	5.663633591330811e-6	0.001	10000
Howard2019dep23andMe	1e-05	other	cohortWASHU	0.5797988408101596	0.10979827982708967	5.280582188748556	1.2877404224497594e-7	0.001	10000
Howard2019dep23andMe	1e-05	other	cohortTARC1	0.46247563267839564	0.11161844721610245	4.1433619998583655	3.422510539220298e-5	0.001	10000
Howard2019dep23andMe	1e-05	other	cohortADNI	0.35727050579897623	0.11634045419911075	3.070905200245531	0.0021341089726731673	0.001	10000
Howard2019dep23andMe	1e-05	other	cohortMTV	0.6429260748290294	0.1329638858972599	4.835343600936972	1.3291584379949804e-6	0.001	10000
Howard2019dep23andMe	1e-05	other	cohortOHSU	0.3133656477139794	0.14073668555601188	2.226609547297196	0.025973380328455385	0.001	10000
Howard2019dep23andMe	1e-05	other	cohortRMayo	-2.6490928954598534	0.3080323552830845	-8.600047527557011	7.968309371572194e-18	0.001	10000
Howard2019dep23andMe	1e-05	other	cohortCHAP	-1.4371982126006972	0.2265367378625232	-6.344216952011024	2.23559599113519e-10	0.001	10000
Howard2019dep23andMe	1e-05	other	cohortEAS	-2.5841231241191722	0.3537907783754395	-7.304099716745372	2.7912932036713487e-13	0.001	10000
Howard2019dep23andMe	1e-05	other	cohortROSMAP2	0.05757999865182479	0.20264605107795614	0.2841407387192276	0.7763025280108082	0.001	10000
Howard2019dep23andMe	1e-05	other	cohortBIOCARD	-3.1733448612614543	0.4327593769521918	-7.332815948692946	2.2536634909817665e-13	0.001	10000
Howard2019dep23andMe	1e-05	other	cohortWASHU2	-0.6976425637399608	0.22559166429909835	-3.0925015155480153	0.0019847722023017874	0.001	10000
Howard2019dep23andMe	1e-05	other	cohortNBB	0.7682888374434661	0.2532568266224181	3.0336352535480193	0.0024162637242324952	0.001	10000
Howard2019dep23andMe	1e-05	other	cohortACT2	1.2893776141248852	0.4597309523806648	2.804635205543566	0.005037355558202539	0.001	10000
Howard2019dep23andMe	1e-05	other	jointPC1	-12.66719453027176	2.5531103779993267	-4.961475476903607	6.99597040320633e-7	0.001	10000
Howard2019dep23andMe	1e-05	other	jointPC2	2.5768886113032856	2.436466788750189	1.0576333825691617	0.2902226171166347	0.001	10000
Howard2019dep23andMe	1e-05	other	jointPC3	2.5760677696244083	2.4168975795255894	1.0658572342689268	0.28648818362288586	0.001	10000
Howard2019dep23andMe	1e-05	other	jointPC4	-2.3570295538053125	2.446417366009711	-0.9634617488224437	0.33531585120380836	0.001	10000
Howard2019dep23andMe	1e-05	other	jointPC5	1.5942480232430694	2.428515468059305	0.6564701951505698	0.5115216384563324	0.001	10000
Howard2019dep23andMe	1e-05	other	jointPC6	-0.9348648551161526	2.490505646369901	-0.3753715059746154	0.7073841931277143	0.001	10000
Howard2019dep23andMe	1e-05	other	jointPC7	10.521022000306461	2.4349586722934324	4.3208215893031765	1.5544932409495532e-5	0.001	10000
Howard2019dep23andMe	1e-05	other	jointPC8	7.116465114232929	2.4340355463090106	2.923730972221991	0.003458635241516894	0.001	10000
Howard2019dep23andMe	1e-05	other	jointPC9	-0.12758204858697916	2.446052381251579	-0.052158346879594975	0.9584025221046192	0.001	10000
Howard2019dep23andMe	1e-05	other	jointPC10	-4.900873627871916	2.4466693583612917	-2.0030796605694117	0.0451687387528696	0.001	10000
Howard2019dep23andMe	1e-04	other	(Intercept)	0.7692391361267713	0.149895816832077	5.131825239583055	2.869458654427979e-7	0.001	10000
Howard2019dep23andMe	1e-04	other	prs.pt_0.0001	-0.00343697479080204	0.014071022192031938	-0.24425906973185724	0.8070301811154565	0.001	10000
Howard2019dep23andMe	1e-04	other	aaoaae2	-0.017708424115433982	0.0018884431079481618	-9.37726111043642	6.770866944041642e-21	0.001	10000
Howard2019dep23andMe	1e-04	other	sex2	-0.057416116292647035	0.028702517097023025	-2.0003861019771723	0.04545858795278888	0.001	10000
Howard2019dep23andMe	1e-04	other	apoe4dose	1.2701667542629704	0.02628794198920772	48.317466418041626	0	0.001	10000
Howard2019dep23andMe	1e-04	other	cohortADC1	0.9989237563661144	0.07263593414728135	13.752473456741557	4.921762216536126e-43	0.001	10000
Howard2019dep23andMe	1e-04	other	cohortUPITT	0.3924534689291285	0.06915956730870193	5.67460850611407	1.3900618584471433e-8	0.001	10000
Howard2019dep23andMe	1e-04	other	cohortACT	-0.7580953522364874	0.07294777871944366	-10.392302076148386	2.687859851097558e-25	0.001	10000
Howard2019dep23andMe	1e-04	other	cohortLOAD	-0.04023767128590827	0.06913251805401652	-0.5820368246165816	0.5605418769360305	0.001	10000
Howard2019dep23andMe	1e-04	other	cohortMAYO	-0.5435096005499883	0.071991171249422	-7.54967020423844	4.363617876366839e-14	0.001	10000
Howard2019dep23andMe	1e-04	other	cohortADC9	0.3896899405661051	0.07217542030880766	5.399205697712449	6.693659199117165e-8	0.001	10000
Howard2019dep23andMe	1e-04	other	cohortADC7	-0.5737177690455958	0.0774494016679575	-7.407646239867019	1.2856068609798387e-13	0.001	10000
Howard2019dep23andMe	1e-04	other	cohortADC10	0.27094183568430075	0.08144763544077678	3.3265770604391744	8.791970614969055e-4	0.001	10000
Howard2019dep23andMe	1e-04	other	cohortADC3	0.1613042472115397	0.07976226358947662	2.0223128074918533	0.04314404633246327	0.001	10000
Howard2019dep23andMe	1e-04	other	cohortTGEN2	0.5619042169632075	0.0860468062494911	6.530215837807818	6.567497875513765e-11	0.001	10000
Howard2019dep23andMe	1e-04	other	cohortROSMAP	-0.4303860715354673	0.09114624275054124	-4.721928831596425	2.336184360955441e-6	0.001	10000
Howard2019dep23andMe	1e-04	other	cohortADC8	-0.20287007489486347	0.08654424872953524	-2.344119659861688	0.019072051449527137	0.001	10000
Howard2019dep23andMe	1e-04	other	cohortADC5	-0.6204840461887846	0.09453476914028262	-6.563553831374275	5.2540255103368876e-11	0.001	10000
Howard2019dep23andMe	1e-04	other	cohortMIRAGE	0.38959306753872974	0.09838967764360029	3.959694521512345	7.504569620441248e-5	0.001	10000
Howard2019dep23andMe	1e-04	other	cohortADC2	1.30155531765265	0.11072409993965203	11.754941502003962	6.66068638369676e-32	0.001	10000
Howard2019dep23andMe	1e-04	other	cohortADC4	-0.23594328586180077	0.0981404865181917	-2.404138131290652	0.016210646690266353	0.001	10000
Howard2019dep23andMe	1e-04	other	cohortWHICAP	-1.8457446069579595	0.14313484059467152	-12.895145579438127	4.7935705734562e-38	0.001	10000
Howard2019dep23andMe	1e-04	other	cohortUKS	4.44014295116174	0.38343930820690386	11.579780309758537	5.2179603800584185e-31	0.001	10000
Howard2019dep23andMe	1e-04	other	cohortADC6	-0.4840433181397823	0.10667460682461528	-4.53756833559839	5.690659323907722e-6	0.001	10000
Howard2019dep23andMe	1e-04	other	cohortWASHU	0.5798903043150934	0.10979801136286428	5.281428116203778	1.2818077444299818e-7	0.001	10000
Howard2019dep23andMe	1e-04	other	cohortTARC1	0.46250292580609953	0.1116190831674313	4.143582913258068	3.419213688666051e-5	0.001	10000
Howard2019dep23andMe	1e-04	other	cohortADNI	0.35750100586616657	0.1163408280016988	3.0728765817357457	0.0021200614925301676	0.001	10000
Howard2019dep23andMe	1e-04	other	cohortMTV	0.6430734280103488	0.1329632590375752	4.836474622125631	1.3216213728934849e-6	0.001	10000
Howard2019dep23andMe	1e-04	other	cohortOHSU	0.3137169713131457	0.14073603197201287	2.229116217910224	0.02580617310941832	0.001	10000
Howard2019dep23andMe	1e-04	other	cohortRMayo	-2.6490261668212858	0.30803344633825913	-8.599800438269046	7.98548323625392e-18	0.001	10000
Howard2019dep23andMe	1e-04	other	cohortCHAP	-1.4371592623189915	0.22654372560124733	-6.343849331976726	2.2409400003214497e-10	0.001	10000
Howard2019dep23andMe	1e-04	other	cohortEAS	-2.584401651252868	0.35378696447421804	-7.304965730135612	2.773374188840337e-13	0.001	10000
Howard2019dep23andMe	1e-04	other	cohortROSMAP2	0.058145584970371644	0.20263166839744387	0.2869521108434259	0.7741489888089786	0.001	10000
Howard2019dep23andMe	1e-04	other	cohortBIOCARD	-3.1742152223650915	0.43280760080684516	-7.334009884409796	2.2336661230035882e-13	0.001	10000
Howard2019dep23andMe	1e-04	other	cohortWASHU2	-0.6977817132893884	0.2255930086326977	-3.0930999037540703	0.0019807744176218996	0.001	10000
Howard2019dep23andMe	1e-04	other	cohortNBB	0.7686715551039729	0.25324883776405444	3.0352421827109226	0.0024034260949249583	0.001	10000
Howard2019dep23andMe	1e-04	other	cohortACT2	1.2880539646099192	0.45974265615169696	2.8016846976777203	0.005083653192750727	0.001	10000
Howard2019dep23andMe	1e-04	other	jointPC1	-12.68965846674667	2.5524376354596	-4.971584139983005	6.640803198311325e-7	0.001	10000
Howard2019dep23andMe	1e-04	other	jointPC2	2.5334722353055352	2.4347575111434283	1.040543965347805	0.2980872491047242	0.001	10000
Howard2019dep23andMe	1e-04	other	jointPC3	2.5710542893802293	2.4168523304700837	1.063802805395294	0.28741804019736034	0.001	10000
Howard2019dep23andMe	1e-04	other	jointPC4	-2.3683271188974815	2.4462532769743217	-0.9681446893458129	0.332972113682425	0.001	10000
Howard2019dep23andMe	1e-04	other	jointPC5	1.5920127713913108	2.4284875465295377	0.6555573133024288	0.5121089985424399	0.001	10000
Howard2019dep23andMe	1e-04	other	jointPC6	-0.9434706483799657	2.490398560555166	-0.37884323550590426	0.7048042789709051	0.001	10000
Howard2019dep23andMe	1e-04	other	jointPC7	10.519888058755992	2.4351637942260127	4.319991979060945	1.5603487208176536e-5	0.001	10000
Howard2019dep23andMe	1e-04	other	jointPC8	7.1275388908499595	2.4340812062761272	2.9282255959546637	0.003409025967720941	0.001	10000
Howard2019dep23andMe	1e-04	other	jointPC9	-0.11822293195084815	2.445923372252614	-0.0483346834541136	0.9614495134466715	0.001	10000
Howard2019dep23andMe	1e-04	other	jointPC10	-4.901085601136683	2.4467127197031884	-2.0031307973627714	0.04516325111647691	0.001	10000
Howard2019dep23andMe	0.001	other	(Intercept)	0.7691905167294549	0.14989966847127187	5.13136903219282	2.8764233379353243e-7	0.001	10000
Howard2019dep23andMe	0.001	other	prs.pt_0.001	-0.0020221130261489683	0.014057965946011075	-0.14384108155580924	0.8856259617889057	0.001	10000
Howard2019dep23andMe	0.001	other	aaoaae2	-0.01770871751124832	0.0018884916111601617	-9.377175628738579	6.77635695617137e-21	0.001	10000
Howard2019dep23andMe	0.001	other	sex2	-0.05740827829442058	0.02870250175315457	-2.0001140941698954	0.0454879451929185	0.001	10000
Howard2019dep23andMe	0.001	other	apoe4dose	1.2701327279899095	0.026288558363116943	48.31503920625468	0	0.001	10000
Howard2019dep23andMe	0.001	other	cohortADC1	0.9989597831506983	0.07263616994709662	13.75292480149042	4.891147563448445e-43	0.001	10000
Howard2019dep23andMe	0.001	other	cohortUPITT	0.3925701218374163	0.06915753965180409	5.676461652828268	1.3750936313809221e-8	0.001	10000
Howard2019dep23andMe	0.001	other	cohortACT	-0.7580213242156382	0.0729469762722052	-10.391401576222222	2.713361476772548e-25	0.001	10000
Howard2019dep23andMe	0.001	other	cohortLOAD	-0.04011078191942149	0.06912976334995129	-0.580224493412066	0.5617632383017492	0.001	10000
Howard2019dep23andMe	0.001	other	cohortMAYO	-0.5434753801126951	0.07199118104943673	-7.549193834443245	4.379606504465136e-14	0.001	10000
Howard2019dep23andMe	0.001	other	cohortADC9	0.3897823960334776	0.07217536815565692	5.400490582782395	6.645890020437258e-8	0.001	10000
Howard2019dep23andMe	0.001	other	cohortADC7	-0.573657318962004	0.07744835700333394	-7.406965636950951	1.2922192765640837e-13	0.001	10000
Howard2019dep23andMe	0.001	other	cohortADC10	0.27099888970272523	0.08144745165579326	3.3272850677759593	8.769661100298461e-4	0.001	10000
Howard2019dep23andMe	0.001	other	cohortADC3	0.1614131398211805	0.07976119849779816	2.02370504532522	0.043000509162963864	0.001	10000
Howard2019dep23andMe	0.001	other	cohortTGEN2	0.5621076208068152	0.08604270069450702	6.5328914163511405	6.451191678819019e-11	0.001	10000
Howard2019dep23andMe	0.001	other	cohortROSMAP	-0.430287547927863	0.09114484788750925	-4.720920138666783	2.347801144239032e-6	0.001	10000
Howard2019dep23andMe	0.001	other	cohortADC8	-0.20278183341663739	0.08654320105695415	-2.3431284137870807	0.019122800090118734	0.001	10000
Howard2019dep23andMe	0.001	other	cohortADC5	-0.620411153258421	0.09453692174743547	-6.562633326647862	5.2865734590987273e-11	0.001	10000
Howard2019dep23andMe	0.001	other	cohortMIRAGE	0.38980466727547214	0.0983857894506112	3.9620017225267135	7.432400406512478e-5	0.001	10000
Howard2019dep23andMe	0.001	other	cohortADC2	1.3016174301801964	0.11072356411752177	11.755559356801975	6.612142137612676e-32	0.001	10000
Howard2019dep23andMe	0.001	other	cohortADC4	-0.23593031213030607	0.09814021948347192	-2.4040124769645517	0.016216219806192186	0.001	10000
Howard2019dep23andMe	0.001	other	cohortWHICAP	-1.8455130888118658	0.14313060377346817	-12.893909759039001	4.871030895530326e-38	0.001	10000
Howard2019dep23andMe	0.001	other	cohortUKS	4.440332539195625	0.3834381062977378	11.580311049595391	5.185754926821887e-31	0.001	10000
Howard2019dep23andMe	0.001	other	cohortADC6	-0.48409489588357363	0.10667634794396283	-4.537977773084893	5.679624499245359e-6	0.001	10000
Howard2019dep23andMe	0.001	other	cohortWASHU	0.5799805574984311	0.10979791948029528	5.282254529445036	1.276037463049175e-7	0.001	10000
Howard2019dep23andMe	0.001	other	cohortTARC1	0.4625540933322369	0.11161822262938466	4.144073274380063	3.4119064499401144e-5	0.001	10000
Howard2019dep23andMe	0.001	other	cohortADNI	0.3576186369182145	0.11634458033106074	3.0737885331710664	0.002113591925584774	0.001	10000
Howard2019dep23andMe	0.001	other	cohortMTV	0.6431810791566545	0.13296457069942508	4.83723653431414	1.3165672221422671e-6	0.001	10000
Howard2019dep23andMe	0.001	other	cohortOHSU	0.31384980188201483	0.14073641694756372	2.230053945447187	0.025743861770825497	0.001	10000
Howard2019dep23andMe	0.001	other	cohortRMayo	-2.6490027859091074	0.3080389727183469	-8.599570250908489	8.001515205053903e-18	0.001	10000
Howard2019dep23andMe	0.001	other	cohortCHAP	-1.4372592757758145	0.22654524537697676	-6.344248246676642	2.235141643056655e-10	0.001	10000
Howard2019dep23andMe	0.001	other	cohortEAS	-2.584522766693434	0.35378415874195523	-7.30536600588311	2.7651301578211037e-13	0.001	10000
Howard2019dep23andMe	0.001	other	cohortROSMAP2	0.05836090257334447	0.20262335962629666	0.2880265270548319	0.7733264330413974	0.001	10000
Howard2019dep23andMe	0.001	other	cohortBIOCARD	-3.174428733262443	0.43281987759239404	-7.334295159733735	2.2289138743316383e-13	0.001	10000
Howard2019dep23andMe	0.001	other	cohortWASHU2	-0.6977472520815363	0.22558608509606246	-3.0930420720959413	0.001981160463494597	0.001	10000
Howard2019dep23andMe	0.001	other	cohortNBB	0.7693399213652422	0.2532285681537131	3.0381245172078795	0.0023805556733058003	0.001	10000
Howard2019dep23andMe	0.001	other	cohortACT2	1.2877254831285172	0.4597686836429604	2.800811644945609	0.005097426179109775	0.001	10000
Howard2019dep23andMe	0.001	other	jointPC1	-12.712802516317714	2.5532894888732485	-4.978989876282222	6.391698558599419e-7	0.001	10000
Howard2019dep23andMe	0.001	other	jointPC2	2.516665055525366	2.4340887999007266	1.0339249149940655	0.301171266365146	0.001	10000
Howard2019dep23andMe	0.001	other	jointPC3	2.566570869431115	2.4167368839722663	1.061998468452459	0.28823638047837274	0.001	10000
Howard2019dep23andMe	0.001	other	jointPC4	-2.37115314380584	2.446285261719393	-0.9692872621646973	0.33240188288859046	0.001	10000
Howard2019dep23andMe	0.001	other	jointPC5	1.5957105955985713	2.428704398685662	0.6570213305753139	0.511167201071612	0.001	10000
Howard2019dep23andMe	0.001	other	jointPC6	-0.94605674749805	2.4903617458449716	-0.37988727905754754	0.7040290905737118	0.001	10000
Howard2019dep23andMe	0.001	other	jointPC7	10.527960114710984	2.434861940624768	4.3238427358265685	1.5333462086644322e-5	0.001	10000
Howard2019dep23andMe	0.001	other	jointPC8	7.135775401729253	2.4337458748272764	2.932013352559121	0.0033677226713048295	0.001	10000
Howard2019dep23andMe	0.001	other	jointPC9	-0.1162652176100011	2.4458927900859844	-0.04753487891262553	0.962086932391649	0.001	10000
Howard2019dep23andMe	0.001	other	jointPC10	-4.903489866421777	2.446700575859287	-2.004123395728413	0.04505684382359187	0.001	10000
Howard2019dep23andMe	0.01	other	(Intercept)	0.7684417921937784	0.1499031669456207	5.126254553865033	2.955629339982783e-7	0.001	10000
Howard2019dep23andMe	0.01	other	prs.pt_0.01	0.003906679527854795	0.014055997261926162	0.277936844683153	0.7810608397769382	0.001	10000
Howard2019dep23andMe	0.01	other	aaoaae2	-0.017701688358839104	0.0018885112291351191	-9.373356157879952	7.026205529632537e-21	0.001	10000
Howard2019dep23andMe	0.01	other	sex2	-0.0574154850694243	0.02870256494752925	-2.0003607752263513	0.04546132074228876	0.001	10000
Howard2019dep23andMe	0.01	other	apoe4dose	1.2702250365530467	0.026289005622511283	48.31772851329731	0	0.001	10000
Howard2019dep23andMe	0.01	other	cohortADC1	0.9991921096016747	0.07263820388193014	13.755738113043279	4.704546112571897e-43	0.001	10000
Howard2019dep23andMe	0.01	other	cohortUPITT	0.392590807213501	0.06915698290824182	5.676806458349902	1.3723259007457185e-8	0.001	10000
Howard2019dep23andMe	0.01	other	cohortACT	-0.7577998702223853	0.07294745186408721	-10.388298026287304	2.803103221681147e-25	0.001	10000
Howard2019dep23andMe	0.01	other	cohortLOAD	-0.03973099706904567	0.06913511037753957	-0.5746862462803468	0.5655035108846536	0.001	10000
Howard2019dep23andMe	0.01	other	cohortMAYO	-0.543405863057648	0.07199304011984645	-7.548033284231963	4.418800124117361e-14	0.001	10000
Howard2019dep23andMe	0.01	other	cohortADC9	0.39019066900788474	0.07217683301944429	5.4060375425833405	6.44342962957598e-8	0.001	10000
Howard2019dep23andMe	0.01	other	cohortADC7	-0.5734640999374666	0.07745065900461445	-7.404250748896792	1.318930017280289e-13	0.001	10000
Howard2019dep23andMe	0.01	other	cohortADC10	0.2711729913939486	0.08145167950060407	3.329249845510399	8.708025006609287e-4	0.001	10000
Howard2019dep23andMe	0.01	other	cohortADC3	0.16170159829054032	0.07976260923823672	2.0272857148838552	0.042633201569306375	0.001	10000
Howard2019dep23andMe	0.01	other	cohortTGEN2	0.562700366662693	0.08604794668739749	6.539381685735281	6.177368811883965e-11	0.001	10000
Howard2019dep23andMe	0.01	other	cohortROSMAP	-0.4301431485344724	0.09114612680564817	-4.719269634481244	2.3669291696717594e-6	0.001	10000
Howard2019dep23andMe	0.01	other	cohortADC8	-0.202694714267256	0.08654033260174072	-2.34219939042826	0.019170470249478128	0.001	10000
Howard2019dep23andMe	0.01	other	cohortADC5	-0.6206223047147472	0.09453526065981828	-6.564982212806649	5.2039073786156807e-11	0.001	10000
Howard2019dep23andMe	0.01	other	cohortMIRAGE	0.390026206360706	0.09838805486296086	3.9641621831425713	7.365416717847164e-5	0.001	10000
Howard2019dep23andMe	0.01	other	cohortADC2	1.3019966080775234	0.1107207695981779	11.759280691442646	6.327101894000707e-32	0.001	10000
Howard2019dep23andMe	0.01	other	cohortADC4	-0.23583477349522738	0.09813768123528689	-2.4031011383874987	0.01625669060234274	0.001	10000
Howard2019dep23andMe	0.01	other	cohortWHICAP	-1.8448520541665399	0.14313239873349656	-12.88912971829346	5.182533571244933e-38	0.001	10000
Howard2019dep23andMe	0.01	other	cohortUKS	4.440588411690283	0.38343764329749236	11.580992344679695	5.144702806655465e-31	0.001	10000
Howard2019dep23andMe	0.01	other	cohortADC6	-0.48393884278157695	0.10667723028060165	-4.536477386117299	5.720161981795915e-6	0.001	10000
Howard2019dep23andMe	0.01	other	cohortWASHU	0.5799617762707495	0.109799516756194	5.282006637228964	1.2777656820130856e-7	0.001	10000
Howard2019dep23andMe	0.01	other	cohortTARC1	0.46262927258062764	0.1116169287401948	4.144794860441528	3.401180522162484e-5	0.001	10000
Howard2019dep23andMe	0.01	other	cohortADNI	0.3575717391293093	0.11635268347296397	3.073171399715896	0.0021179680107495363	0.001	10000
Howard2019dep23andMe	0.01	other	cohortMTV	0.6431441786482551	0.1329685805172297	4.836813148989871	1.3193734526619313e-6	0.001	10000
Howard2019dep23andMe	0.01	other	cohortOHSU	0.31386640189327647	0.14073514764803818	2.230192010585862	0.02573469843766041	0.001	10000
Howard2019dep23andMe	0.01	other	cohortRMayo	-2.6480085766636985	0.30801282645704403	-8.59707242429722	8.177538327963809e-18	0.001	10000
Howard2019dep23andMe	0.01	other	cohortCHAP	-1.4373284036253948	0.22653865688675692	-6.344737906448755	2.2280443085036517e-10	0.001	10000
Howard2019dep23andMe	0.01	other	cohortEAS	-2.5850568955424325	0.3537770440450769	-7.30702271121089	2.7312640843062986e-13	0.001	10000
Howard2019dep23andMe	0.01	other	cohortROSMAP2	0.059160518530920275	0.2026294946476219	0.291964003729082	0.7703141462886177	0.001	10000
Howard2019dep23andMe	0.01	other	cohortBIOCARD	-3.174751489898109	0.4328692595127657	-7.33420408155475	2.2304300165493788e-13	0.001	10000
Howard2019dep23andMe	0.01	other	cohortWASHU2	-0.6976283242821868	0.22558279106011325	-3.0925600352922444	0.001984380910008221	0.001	10000
Howard2019dep23andMe	0.01	other	cohortNBB	0.7701397144433223	0.2532136503084513	3.041462075623409	0.0023543222148886224	0.001	10000
Howard2019dep23andMe	0.01	other	cohortACT2	1.285326500658833	0.4597835457000758	2.795503476971471	0.005181894438730602	0.001	10000
Howard2019dep23andMe	0.01	other	jointPC1	-12.678745231811643	2.55320223686911	-4.965820979132105	6.841104071215351e-7	0.001	10000
Howard2019dep23andMe	0.01	other	jointPC2	2.4579081035736516	2.433896817831069	1.0098653671621052	0.31255979731625355	0.001	10000
Howard2019dep23andMe	0.01	other	jointPC3	2.5588168822580704	2.4167800619272266	1.058771099020727	0.2897040387888321	0.001	10000
Howard2019dep23andMe	0.01	other	jointPC4	-2.3664696743653635	2.446242621139591	-0.9673896014709019	0.3333493063664416	0.001	10000
Howard2019dep23andMe	0.01	other	jointPC5	1.5816902826559478	2.428739920778806	0.6512390516267214	0.5148921851725562	0.001	10000
Howard2019dep23andMe	0.01	other	jointPC6	-0.9461893690274373	2.4903579293577116	-0.37994111524019725	0.7039891262547636	0.001	10000
Howard2019dep23andMe	0.01	other	jointPC7	10.523869288633845	2.4348351864563105	4.322210122135789	1.5447396691119274e-5	0.001	10000
Howard2019dep23andMe	0.01	other	jointPC8	7.152064608950966	2.4335402400261006	2.938954734060308	0.0032932116722795943	0.001	10000
Howard2019dep23andMe	0.01	other	jointPC9	-0.11205858700033433	2.4458806922830303	-0.04581523021702942	0.9634575196000307	0.001	10000
Howard2019dep23andMe	0.01	other	jointPC10	-4.909553598629314	2.4466834158485202	-2.0066157995053313	0.04479058770058951	0.001	10000
Howard2019dep23andMe	0.05	other	(Intercept)	0.769461099650229	0.14990572539088093	5.132966720542862	2.8521035280206715e-7	0.001	10000
Howard2019dep23andMe	0.05	other	prs.pt_0.05	-0.003375547053830377	0.014057887339533547	-0.24011766293912984	0.8102390416721565	0.001	10000
Howard2019dep23andMe	0.05	other	aaoaae2	-0.017711516529085283	0.0018885479027715044	-9.378378225457276	6.699523978611986e-21	0.001	10000
Howard2019dep23andMe	0.05	other	sex2	-0.05739715241829682	0.02870258785650887	-1.9997204678978415	0.04553045675178521	0.001	10000
Howard2019dep23andMe	0.05	other	apoe4dose	1.2701120092024285	0.026288507726893614	48.31434413841152	0	0.001	10000
Howard2019dep23andMe	0.05	other	cohortADC1	0.9988753841630227	0.0726371698613599	13.751573554827951	4.983372527073499e-43	0.001	10000
Howard2019dep23andMe	0.05	other	cohortUPITT	0.392589163596342	0.06915749405938834	5.67674073411639	1.372853046916498e-8	0.001	10000
Howard2019dep23andMe	0.05	other	cohortACT	-0.7580634343480189	0.0729471798924922	-10.391949839119683	2.697806588644445e-25	0.001	10000
Howard2019dep23andMe	0.05	other	cohortLOAD	-0.04021725050840756	0.06913149825331116	-0.5817500202446617	0.5607350736706262	0.001	10000
Howard2019dep23andMe	0.05	other	cohortMAYO	-0.5435417397617033	0.07199136221322046	-7.550096609533075	4.3493549208095055e-14	0.001	10000
Howard2019dep23andMe	0.05	other	cohortADC9	0.38972746106650236	0.0721734626912717	5.399872010209565	6.668845807529002e-8	0.001	10000
Howard2019dep23andMe	0.05	other	cohortADC7	-0.5737438310666071	0.07744906920898594	-7.408014543317961	1.2820424760106263e-13	0.001	10000
Howard2019dep23andMe	0.05	other	cohortADC10	0.2708666924409702	0.08144921169144881	3.325590104752456	8.823157675775178e-4	0.001	10000
Howard2019dep23andMe	0.05	other	cohortADC3	0.16131639173710974	0.07976146001784494	2.0224854422301024	0.04312622604481214	0.001	10000
Howard2019dep23andMe	0.05	other	cohortTGEN2	0.5619579539808043	0.08604393948053904	6.531057938228234	6.530672733763405e-11	0.001	10000
Howard2019dep23andMe	0.05	other	cohortROSMAP	-0.4303659000706269	0.09114569175927673	-4.721736066332775	2.3384001007026992e-6	0.001	10000
Howard2019dep23andMe	0.05	other	cohortADC8	-0.20283501628373501	0.0865444787263189	-2.343708336671178	0.01909309557656219	0.001	10000
Howard2019dep23andMe	0.05	other	cohortADC5	-0.6203298492636005	0.09453715780576062	-6.561756918249563	5.3177454671827745e-11	0.001	10000
Howard2019dep23andMe	0.05	other	cohortMIRAGE	0.3897219919547022	0.09838695472984933	3.9611144894645833	7.46007502526852e-5	0.001	10000
Howard2019dep23andMe	0.05	other	cohortADC2	1.301530834419965	0.11072405683347408	11.754724958980065	6.677783566921771e-32	0.001	10000
Howard2019dep23andMe	0.05	other	cohortADC4	-0.2358942112532131	0.09814096224723651	-2.403626435401651	0.016233352348735016	0.001	10000
Howard2019dep23andMe	0.05	other	cohortWHICAP	-1.8457223400270033	0.14313465006679654	-12.895007177966072	4.802184224772982e-38	0.001	10000
Howard2019dep23andMe	0.05	other	cohortUKS	4.440246862553442	0.38343848723344137	11.580076101881168	5.199987211150104e-31	0.001	10000
Howard2019dep23andMe	0.05	other	cohortADC6	-0.4841768981059696	0.10667733180771033	-4.538704614197846	5.660085706425593e-6	0.001	10000
Howard2019dep23andMe	0.05	other	cohortWASHU	0.5800340749351998	0.10979756651411357	5.282758929458069	1.272527939591827e-7	0.001	10000
Howard2019dep23andMe	0.05	other	cohortTARC1	0.4625553217504002	0.11161821585400485	4.144084531465872	3.4117388739508566e-5	0.001	10000
Howard2019dep23andMe	0.05	other	cohortADNI	0.35772259355151864	0.1163447676776334	3.0746771057439544	0.0021073056326668233	0.001	10000
Howard2019dep23andMe	0.05	other	cohortMTV	0.6430717993553562	0.132962928993221	4.836474378419736	1.321622992500082e-6	0.001	10000
Howard2019dep23andMe	0.05	other	cohortOHSU	0.3138283085746079	0.14073607108849293	2.229906705135153	0.025753637166204966	0.001	10000
Howard2019dep23andMe	0.05	other	cohortRMayo	-2.649372570612768	0.30805932407907677	-8.600202504932758	7.957556325057889e-18	0.001	10000
Howard2019dep23andMe	0.05	other	cohortCHAP	-1.437261511940077	0.2265472849887232	-6.34420099985581	2.23582762541686e-10	0.001	10000
Howard2019dep23andMe	0.05	other	cohortEAS	-2.584146235544575	0.353785190399596	-7.304280409888876	2.7875450488892396e-13	0.001	10000
Howard2019dep23andMe	0.05	other	cohortROSMAP2	0.05804117276967831	0.20262291224519616	0.2864492081697161	0.7745340902040171	0.001	10000
Howard2019dep23andMe	0.05	other	cohortBIOCARD	-3.1744878493245117	0.4328136851160782	-7.334536680542187	2.2248982738588663e-13	0.001	10000
Howard2019dep23andMe	0.05	other	cohortWASHU2	-0.6978850248831019	0.2255866696483043	-3.09364478836947	0.001977140517173668	0.001	10000
Howard2019dep23andMe	0.05	other	cohortNBB	0.768868079795128	0.2532364833204451	3.036166312664369	0.002396071601299729	0.001	10000
Howard2019dep23andMe	0.05	other	cohortACT2	1.2877821681258308	0.4597247365645472	2.8012026886985253	0.005091253039431519	0.001	10000
Howard2019dep23andMe	0.05	other	jointPC1	-12.722801678680414	2.553612486130013	-4.982275794696538	6.284078238474134e-7	0.001	10000
Howard2019dep23andMe	0.05	other	jointPC2	2.5265877170211413	2.433250780732203	1.0383589464053729	0.29910297497153093	0.001	10000
Howard2019dep23andMe	0.05	other	jointPC3	2.5695098788583346	2.416785434061965	1.06319321634593	0.28769433811087797	0.001	10000
Howard2019dep23andMe	0.05	other	jointPC4	-2.372747338875497	2.4463101783719012	-0.9699290629018423	0.3320818523164606	0.001	10000
Howard2019dep23andMe	0.05	other	jointPC5	1.598798908600896	2.428715885730832	0.6582898057340275	0.5103519272927648	0.001	10000
Howard2019dep23andMe	0.05	other	jointPC6	-0.948843871245611	2.4903906732696455	-0.38100201764724306	0.703201751392394	0.001	10000
Howard2019dep23andMe	0.05	other	jointPC7	10.5345798251465	2.434956153173306	4.326394054947366	1.5157016953388663e-5	0.001	10000
Howard2019dep23andMe	0.05	other	jointPC8	7.1344187856787755	2.433586881845604	2.931647453765084	0.00337169261022571	0.001	10000
Howard2019dep23andMe	0.05	other	jointPC9	-0.11864268336702412	2.445927877470221	-0.04850620676916038	0.9613128179798676	0.001	10000
Howard2019dep23andMe	0.05	other	jointPC10	-4.904287830974487	2.4466430241607084	-2.004496684863475	0.0450168816807728	0.001	10000
Howard2019dep23andMe	0.1	other	(Intercept)	0.7694672134516828	0.14990707506603249	5.132961290270927	2.8521858496406845e-7	0.001	10000
Howard2019dep23andMe	0.1	other	prs.pt_0.1	-0.0032547974213452944	0.014058256897566793	-0.2315221186425065	0.8169092039796471	0.001	10000
Howard2019dep23andMe	0.1	other	aaoaae2	-0.017711573707664983	0.0018885583743372914	-9.378356501095764	6.7009042600290915e-21	0.001	10000
Howard2019dep23andMe	0.1	other	sex2	-0.057399089455593875	0.028702577604452675	-1.9997886686904895	0.04552308868275068	0.001	10000
Howard2019dep23andMe	0.1	other	apoe4dose	1.2701159125131198	0.02628846747260437	48.31456659984945	0	0.001	10000
Howard2019dep23andMe	0.1	other	cohortADC1	0.9988674922664755	0.07263765966615049	13.751372178803177	4.997264116946837e-43	0.001	10000
Howard2019dep23andMe	0.1	other	cohortUPITT	0.39258117828488764	0.06915735530341297	5.676636657988474	1.3736881997648413e-8	0.001	10000
Howard2019dep23andMe	0.1	other	cohortACT	-0.7580526337369424	0.07294704213312873	-10.391821403169335	2.7014425288260916e-25	0.001	10000
Howard2019dep23andMe	0.1	other	cohortLOAD	-0.040203131025958044	0.06913115577851688	-0.5815486602706493	0.5608707327393201	0.001	10000
Howard2019dep23andMe	0.1	other	cohortMAYO	-0.54353363199356	0.07199132807799567	-7.54998756801227	4.352997914045913e-14	0.001	10000
Howard2019dep23andMe	0.1	other	cohortADC9	0.38973110669541056	0.07217361493011965	5.399911131966415	6.667391691206283e-8	0.001	10000
Howard2019dep23andMe	0.1	other	cohortADC7	-0.5737604642315679	0.07744975189518115	-7.40816400558756	1.2805987745678268e-13	0.001	10000
Howard2019dep23andMe	0.1	other	cohortADC10	0.2708952241317717	0.08144853634779127	3.3259679827152335	8.81120491869186e-4	0.001	10000
Howard2019dep23andMe	0.1	other	cohortADC3	0.1613256616079872	0.079761391818007	2.0226033915768027	0.04311405425508172	0.001	10000
Howard2019dep23andMe	0.1	other	cohortTGEN2	0.5619597242248674	0.08604476331312463	6.531015980366468	6.532502765549001e-11	0.001	10000
Howard2019dep23andMe	0.1	other	cohortROSMAP	-0.4303994805608741	0.09114678152804814	-4.722048034449021	2.3348151929724427e-6	0.001	10000
Howard2019dep23andMe	0.1	other	cohortADC8	-0.20285895300269993	0.08654486280901738	-2.343974517012735	0.019079474935077115	0.001	10000
Howard2019dep23andMe	0.1	other	cohortADC5	-0.6203647419770125	0.09453595793634947	-6.562209296008833	5.3016329540681756e-11	0.001	10000
Howard2019dep23andMe	0.1	other	cohortMIRAGE	0.3897188138006113	0.0983873163472227	3.961067628120262	7.46153943283232e-5	0.001	10000
Howard2019dep23andMe	0.1	other	cohortADC2	1.3015165968821834	0.11072455798103086	11.754543171038506	6.692170298784415e-32	0.001	10000
Howard2019dep23andMe	0.1	other	cohortADC4	-0.23590033690116963	0.09814059077376441	-2.4036979504736387	0.01623017730659721	0.001	10000
Howard2019dep23andMe	0.1	other	cohortWHICAP	-1.845694079942004	0.1431340337416959	-12.89486526504801	4.8110323940730575e-38	0.001	10000
Howard2019dep23andMe	0.1	other	cohortUKS	4.440206837101545	0.38343886368993546	11.579960347191307	5.207013463673768e-31	0.001	10000
Howard2019dep23andMe	0.1	other	cohortADC6	-0.48419715927910484	0.10667754152456316	-4.538885620715354	5.6552299425226406e-6	0.001	10000
Howard2019dep23andMe	0.1	other	cohortWASHU	0.5801032336382081	0.10979834773410813	5.283351212561124	1.26841886145307e-7	0.001	10000
Howard2019dep23andMe	0.1	other	cohortTARC1	0.4625613104351567	0.11161856912540545	4.144125068611665	3.411135491917616e-5	0.001	10000
Howard2019dep23andMe	0.1	other	cohortADNI	0.35767650278823143	0.1163441675788247	3.0742968060337095	0.0021099939980115112	0.001	10000
Howard2019dep23andMe	0.1	other	cohortMTV	0.6430587381155937	0.1329631428671927	4.836368366818003	1.3223276993548372e-6	0.001	10000
Howard2019dep23andMe	0.1	other	cohortOHSU	0.3138178020176903	0.1407357139643759	2.229837709119991	0.025758218968201352	0.001	10000
Howard2019dep23andMe	0.1	other	cohortRMayo	-2.649339523118805	0.3080557899572903	-8.600193891782123	7.958153569198127e-18	0.001	10000
Howard2019dep23andMe	0.1	other	cohortCHAP	-1.437318229420897	0.2265456092567768	-6.344498285075025	2.23151472658014e-10	0.001	10000
Howard2019dep23andMe	0.1	other	cohortEAS	-2.584166219915628	0.35378537698667223	-7.304333044870248	2.7864541607803296e-13	0.001	10000
Howard2019dep23andMe	0.1	other	cohortROSMAP2	0.058059941777876135	0.20262397655345843	0.2865403333082753	0.7744643063454033	0.001	10000
Howard2019dep23andMe	0.1	other	cohortBIOCARD	-3.1745132565629444	0.4328128767355583	-7.334609082119617	2.223695887757978e-13	0.001	10000
Howard2019dep23andMe	0.1	other	cohortWASHU2	-0.6978504954988772	0.22558409410303187	-3.093527042647543	0.0019779252587201162	0.001	10000
Howard2019dep23andMe	0.1	other	cohortNBB	0.7688988373693401	0.253234657334856	3.036309664172916	0.002394932615964756	0.001	10000
Howard2019dep23andMe	0.1	other	cohortACT2	1.287623185621299	0.459719515562612	2.8008886767521397	0.00509620959594403	0.001	10000
Howard2019dep23andMe	0.1	other	jointPC1	-12.726746016810585	2.554408904022506	-4.982266541887396	6.284378819843622e-7	0.001	10000
Howard2019dep23andMe	0.1	other	jointPC2	2.5242943844676438	2.4329827087214944	1.0375307540899592	0.29948857062320566	0.001	10000
Howard2019dep23andMe	0.1	other	jointPC3	2.568902451228367	2.4167651988476706	1.062950779187501	0.2878042732060494	0.001	10000
Howard2019dep23andMe	0.1	other	jointPC4	-2.3730652107699086	2.446323316973623	-0.9700537922786335	0.3320196797799412	0.001	10000
Howard2019dep23andMe	0.1	other	jointPC5	1.5983296031074206	2.428701862151349	0.6581003737081244	0.510473635753188	0.001	10000
Howard2019dep23andMe	0.1	other	jointPC6	-0.9501358338701913	2.4904232881213075	-0.38151580030675913	0.7028205492489148	0.001	10000
Howard2019dep23andMe	0.1	other	jointPC7	10.53518142898336	2.434986893619362	4.326586503027898	1.5143786367097573e-5	0.001	10000
Howard2019dep23andMe	0.1	other	jointPC8	7.134584282714723	2.433589949356096	2.931711763767953	0.0033709945492559506	0.001	10000
Howard2019dep23andMe	0.1	other	jointPC9	-0.11929585159654488	2.445951240494544	-0.04877278402836215	0.9611003715527425	0.001	10000
Howard2019dep23andMe	0.1	other	jointPC10	-4.90367399425968	2.446649144238342	-2.0042407820538677	0.04504427390999601	0.001	10000
Howard2019dep23andMe	0.2	other	(Intercept)	0.7696632144866083	0.14990833181966506	5.1342257307785175	2.833079044541567e-7	0.001	10000
Howard2019dep23andMe	0.2	other	prs.pt_0.2	-0.004385150012493315	0.014064571775727239	-0.31178695536690604	0.7552024383429969	0.001	10000
Howard2019dep23andMe	0.2	other	aaoaae2	-0.01771365489680815	0.0018885744028490287	-9.379378895576489	6.636249150058576e-21	0.001	10000
Howard2019dep23andMe	0.2	other	sex2	-0.05739109480303585	0.02870263141030638	-1.9995063861088422	0.04555359159529104	0.001	10000
Howard2019dep23andMe	0.2	other	apoe4dose	1.2701014828069837	0.026288412720832544	48.31411832637874	0	0.001	10000
Howard2019dep23andMe	0.2	other	cohortADC1	0.9988151887675941	0.0726376075061847	13.750661992584908	5.0465633285571555e-43	0.001	10000
Howard2019dep23andMe	0.2	other	cohortUPITT	0.3925840062452136	0.06915742230654484	5.676672049820756	1.3734041446933334e-8	0.001	10000
Howard2019dep23andMe	0.2	other	cohortACT	-0.7581009469652822	0.07294743994954453	-10.392427033623619	2.684339947073666e-25	0.001	10000
Howard2019dep23andMe	0.2	other	cohortLOAD	-0.0402584566721545	0.0691307517558052	-0.5823523634512455	0.560329361391669	0.001	10000
Howard2019dep23andMe	0.2	other	cohortMAYO	-0.5435404956348753	0.07199112839784357	-7.550103849339811	4.349113150600789e-14	0.001	10000
Howard2019dep23andMe	0.2	other	cohortADC9	0.38968567372601026	0.07217302984455809	5.399325406807664	6.689194666774669e-8	0.001	10000
Howard2019dep23andMe	0.2	other	cohortADC7	-0.5738040681390403	0.07744930412266851	-7.4087698351713724	1.2747632271483578e-13	0.001	10000
Howard2019dep23andMe	0.2	other	cohortADC10	0.2708401846185914	0.08144839785538731	3.325297878780521	8.832411457327241e-4	0.001	10000
Howard2019dep23andMe	0.2	other	cohortADC3	0.16123666708141735	0.07976193405420452	2.0214738896858284	0.04323073256842762	0.001	10000
Howard2019dep23andMe	0.2	other	cohortTGEN2	0.561839348544881	0.08604454944174947	6.5296332212795845	6.593094539075501e-11	0.001	10000
Howard2019dep23andMe	0.2	other	cohortROSMAP	-0.43045262284141184	0.09114704921112086	-4.722617205570406	2.328288289331923e-6	0.001	10000
Howard2019dep23andMe	0.2	other	cohortADC8	-0.20286951622504285	0.08654564860326627	-2.344075288579979	0.01907432059794594	0.001	10000
Howard2019dep23andMe	0.2	other	cohortADC5	-0.6203211732075491	0.09453614987388531	-6.561735103820922	5.318523649571562e-11	0.001	10000
Howard2019dep23andMe	0.2	other	cohortMIRAGE	0.3896686834640063	0.09838745056855083	3.9605527047629625	7.477648599643722e-5	0.001	10000
Howard2019dep23andMe	0.2	other	cohortADC2	1.3014348381685608	0.11072520684996372	11.753735894411538	6.756431007667521e-32	0.001	10000
Howard2019dep23andMe	0.2	other	cohortADC4	-0.2358693572565594	0.09814102033435512	-2.4033717649661654	0.016244663340747638	0.001	10000
Howard2019dep23andMe	0.2	other	cohortWHICAP	-1.8458152511433819	0.14313395361424405	-12.895719041744506	4.758043532011017e-38	0.001	10000
Howard2019dep23andMe	0.2	other	cohortUKS	4.440127726217702	0.38343915855129973	11.5797451230419	5.220102524959093e-31	0.001	10000
Howard2019dep23andMe	0.2	other	cohortADC6	-0.48426488951753044	0.10667784034354622	-4.539507811163028	5.6385691690697785e-6	0.001	10000
Howard2019dep23andMe	0.2	other	cohortWASHU	0.5801150928613652	0.10979734873009686	5.283507293854612	1.2673381563585103e-7	0.001	10000
Howard2019dep23andMe	0.2	other	cohortTARC1	0.4625683242208011	0.11161913782325537	4.144166791121969	3.41051457196795e-5	0.001	10000
Howard2019dep23andMe	0.2	other	cohortADNI	0.35766332520454924	0.116342730962854	3.074221502663061	0.002110526695740667	0.001	10000
Howard2019dep23andMe	0.2	other	cohortMTV	0.6430557199285643	0.1329629796147723	4.836351605474403	1.322439152636739e-6	0.001	10000
Howard2019dep23andMe	0.2	other	cohortOHSU	0.31381464903623274	0.14073590305214728	2.229812309656009	0.02575990584189765	0.001	10000
Howard2019dep23andMe	0.2	other	cohortRMayo	-2.6495417219896393	0.308061647977776	-8.60068671118964	7.924052051705812e-18	0.001	10000
Howard2019dep23andMe	0.2	other	cohortCHAP	-1.437408032351838	0.22654724278083332	-6.344848936177154	2.2264380613015393e-10	0.001	10000
Howard2019dep23andMe	0.2	other	cohortEAS	-2.583943075225982	0.35378641043273273	-7.303680975381276	2.7999982798642505e-13	0.001	10000
Howard2019dep23andMe	0.2	other	cohortROSMAP2	0.05791029235947796	0.20261987070989787	0.2858075674245758	0.7750255118282651	0.001	10000
Howard2019dep23andMe	0.2	other	cohortBIOCARD	-3.174575609043255	0.43280788084936506	-7.334837810285016	2.2199015498776263e-13	0.001	10000
Howard2019dep23andMe	0.2	other	cohortWASHU2	-0.6979371805373885	0.2255859184225582	-3.0938862913865104	0.001975531862816926	0.001	10000
Howard2019dep23andMe	0.2	other	cohortNBB	0.7687092380832804	0.2532352859449318	3.0355534190856917	0.002400946881241858	0.001	10000
Howard2019dep23andMe	0.2	other	cohortACT2	1.2879162894007736	0.4597121706940874	2.8015710079118388	0.005085444817205845	0.001	10000
Howard2019dep23andMe	0.2	other	jointPC1	-12.73981656221128	2.5550428017646527	-4.986146045542745	6.159559121554185e-7	0.001	10000
Howard2019dep23andMe	0.2	other	jointPC2	2.533866007413635	2.4329690655749943	1.041470704772317	0.2976571425648615	0.001	10000
Howard2019dep23andMe	0.2	other	jointPC3	2.57125710885398	2.4167915731021545	1.0639134700199058	0.28736790036212584	0.001	10000
Howard2019dep23andMe	0.2	other	jointPC4	-2.3726109618153957	2.4462980451007774	-0.9698781252623917	0.3321072448273867	0.001	10000
Howard2019dep23andMe	0.2	other	jointPC5	1.6001661167542063	2.4286754469966274	0.6588637105600171	0.5099832909855895	0.001	10000
Howard2019dep23andMe	0.2	other	jointPC6	-0.9506239471327593	2.4904183808499822	-0.3817125485591342	0.7026745912412351	0.001	10000
Howard2019dep23andMe	0.2	other	jointPC7	10.534550466363646	2.4349336356494513	4.326422006796848	1.5155094611703425e-5	0.001	10000
Howard2019dep23andMe	0.2	other	jointPC8	7.131175912104826	2.4336423233081734	2.9302481485492318	0.0033869141707463554	0.001	10000
Howard2019dep23andMe	0.2	other	jointPC9	-0.12054893752316058	2.4459553586972604	-0.04928501131245752	0.9606921642416283	0.001	10000
Howard2019dep23andMe	0.2	other	jointPC10	-4.9016383286206135	2.44666640618016	-2.0033946255359187	0.04513494788619118	0.001	10000
Howard2019dep23andMe	0.3	other	(Intercept)	0.7696698283536514	0.14990800521393235	5.13428103626129	2.832246157983552e-7	0.001	10000
Howard2019dep23andMe	0.3	other	prs.pt_0.3	-0.004502373758768951	0.014063069913849615	-0.3201558256021266	0.7488502081789767	0.001	10000
Howard2019dep23andMe	0.3	other	aaoaae2	-0.01771374376887964	0.0018885730643549445	-9.379432600840305	6.632869996484364e-21	0.001	10000
Howard2019dep23andMe	0.3	other	sex2	-0.0573953603636425	0.02870261033212597	-1.9996564667639862	0.04553737202492795	0.001	10000
Howard2019dep23andMe	0.3	other	apoe4dose	1.2701027549778399	0.026288352998625742	48.31427647993909	0	0.001	10000
Howard2019dep23andMe	0.3	other	cohortADC1	0.9988109350895861	0.072637593830581	13.750606021163092	5.050469219188604e-43	0.001	10000
Howard2019dep23andMe	0.3	other	cohortUPITT	0.39259445054748227	0.06915741178624847	5.6768239355300345	1.3721857568054562e-8	0.001	10000
Howard2019dep23andMe	0.3	other	cohortACT	-0.7580986435772749	0.07294735700386115	-10.392407274428711	2.684896235977358e-25	0.001	10000
Howard2019dep23andMe	0.3	other	cohortLOAD	-0.04024703223085	0.06913004640268727	-0.5821930452123274	0.5604366574163235	0.001	10000
Howard2019dep23andMe	0.3	other	cohortMAYO	-0.5435252375736643	0.07199089828163945	-7.549916038654083	4.3553892843134246e-14	0.001	10000
Howard2019dep23andMe	0.3	other	cohortADC9	0.3896825203417373	0.07217292040541237	5.399289901985376	6.690518512682276e-8	0.001	10000
Howard2019dep23andMe	0.3	other	cohortADC7	-0.5738090284206728	0.07744933153701376	-7.408831258232928	1.2741730413178098e-13	0.001	10000
Howard2019dep23andMe	0.3	other	cohortADC10	0.27083973007425904	0.0814482861762891	3.325296857542778	8.83244381215003e-4	0.001	10000
Howard2019dep23andMe	0.3	other	cohortADC3	0.16123428234967754	0.0797617689795222	2.021448175141055	0.04323339200177012	0.001	10000
Howard2019dep23andMe	0.3	other	cohortTGEN2	0.5618267054656217	0.08604453063386862	6.529487712080993	6.599502549196493e-11	0.001	10000
Howard2019dep23andMe	0.3	other	cohortROSMAP	-0.4304581640311647	0.09114705159539502	-4.722677875988613	2.327593592493665e-6	0.001	10000
Howard2019dep23andMe	0.3	other	cohortADC8	-0.2028671882761585	0.08654559090932896	-2.3440499526855842	0.01907561638205793	0.001	10000
Howard2019dep23andMe	0.3	other	cohortADC5	-0.6203383506282261	0.09453564554033077	-6.5619518128067105	5.310797967893002e-11	0.001	10000
Howard2019dep23andMe	0.3	other	cohortMIRAGE	0.3896675773429601	0.09838725112943258	3.9605494906076393	7.477749256393015e-5	0.001	10000
Howard2019dep23andMe	0.3	other	cohortADC2	1.3014300561512844	0.11072501590725899	11.753712975226264	6.758264333380537e-32	0.001	10000
Howard2019dep23andMe	0.3	other	cohortADC4	-0.23586492706432982	0.09814135588965754	-2.403318406661488	0.01624703408628133	0.001	10000
Howard2019dep23andMe	0.3	other	cohortWHICAP	-1.845811215955254	0.14313344992976232	-12.89573622979828	4.75698275054285e-38	0.001	10000
Howard2019dep23andMe	0.3	other	cohortUKS	4.440131641114879	0.3834390809713874	11.579757675890647	5.2193382153718315e-31	0.001	10000
Howard2019dep23andMe	0.3	other	cohortADC6	-0.48423913655762857	0.10667734484511675	-4.5392874865857245	5.644463554460648e-6	0.001	10000
Howard2019dep23andMe	0.3	other	cohortWASHU	0.5801289579348639	0.10979735226008164	5.283633402749894	1.266465630504803e-7	0.001	10000
Howard2019dep23andMe	0.3	other	cohortTARC1	0.46255690904115737	0.11161894487092978	4.144071685823886	3.4119300982415454e-5	0.001	10000
Howard2019dep23andMe	0.3	other	cohortADNI	0.3576741166800975	0.11634267197484806	3.074315817307536	0.002109859531330981	0.001	10000
Howard2019dep23andMe	0.3	other	cohortMTV	0.6430835136381099	0.13296315693267907	4.836554188945072	1.3210926943502019e-6	0.001	10000
Howard2019dep23andMe	0.3	other	cohortOHSU	0.3137932285265654	0.14073615248765048	2.2296561542998026	0.02577027880442141	0.001	10000
Howard2019dep23andMe	0.3	other	cohortRMayo	-2.649544548522117	0.3080628386857853	-8.60066264345688	7.925714106467554e-18	0.001	10000
Howard2019dep23andMe	0.3	other	cohortCHAP	-1.437421127208853	0.2265465024022945	-6.344927473902571	2.225302553186644e-10	0.001	10000
Howard2019dep23andMe	0.3	other	cohortEAS	-2.5839703979797526	0.3537859212900762	-7.303768303038558	2.798180656123144e-13	0.001	10000
Howard2019dep23andMe	0.3	other	cohortROSMAP2	0.05789760408806367	0.2026205699793637	0.28574396022062504	0.7750742324062729	0.001	10000
Howard2019dep23andMe	0.3	other	cohortBIOCARD	-3.174588822132496	0.4328092766837736	-7.3348446836826175	2.2197876265864636e-13	0.001	10000
Howard2019dep23andMe	0.3	other	cohortWASHU2	-0.6979140730282052	0.2255852892255172	-3.0937924871976104	0.0019761565508380507	0.001	10000
Howard2019dep23andMe	0.3	other	cohortNBB	0.768818337554736	0.25323537155558745	3.0359832152672777	0.0023975271048282142	0.001	10000
Howard2019dep23andMe	0.3	other	cohortACT2	1.2879024774471202	0.4597132189555717	2.8015345749098146	0.005086019081606217	0.001	10000
Howard2019dep23andMe	0.3	other	jointPC1	-12.73958592419289	2.5548545108833838	-4.986423246382027	6.150732484341391e-7	0.001	10000
Howard2019dep23andMe	0.3	other	jointPC2	2.5342626668089294	2.4328717499431503	1.0416754055646988	0.2975621953792118	0.001	10000
Howard2019dep23andMe	0.3	other	jointPC3	2.5709040206425073	2.416772915430513	1.0637755844696473	0.2874303743360931	0.001	10000
Howard2019dep23andMe	0.3	other	jointPC4	-2.3731216673637228	2.446308951109214	-0.9700825671621295	0.33200533773517915	0.001	10000
Howard2019dep23andMe	0.3	other	jointPC5	1.6012230831222187	2.4287068544312644	0.659290387475429	0.5097093139055913	0.001	10000
Howard2019dep23andMe	0.3	other	jointPC6	-0.9515430598639576	2.490435264580789	-0.38207901783149917	0.7024027546481566	0.001	10000
Howard2019dep23andMe	0.3	other	jointPC7	10.535254102921439	2.4349482771119844	4.326684965734456	1.5137021426996507e-5	0.001	10000
Howard2019dep23andMe	0.3	other	jointPC8	7.130942475298177	2.4336427375134817	2.9301517290841352	0.003387965316655252	0.001	10000
Howard2019dep23andMe	0.3	other	jointPC9	-0.12038066080809695	2.445952935299826	-0.04921626212457789	0.9607469516700003	0.001	10000
Howard2019dep23andMe	0.3	other	jointPC10	-4.901993843514206	2.4466571502132903	-2.0035475109730307	0.0451185533297814	0.001	10000
Howard2019dep23andMe	0.4	other	(Intercept)	0.7697776949207098	0.14990746669085986	5.135019034830002	2.821154691955024e-7	0.001	10000
Howard2019dep23andMe	0.4	other	prs.pt_0.4	-0.005299836170637254	0.014061610171759362	-0.37690108784847276	0.7062471129607464	0.001	10000
Howard2019dep23andMe	0.4	other	aaoaae2	-0.017714739568432187	0.0018885655433756021	-9.379997231533224	6.597446072921046e-21	0.001	10000
Howard2019dep23andMe	0.4	other	sex2	-0.05739035083589641	0.02870264615795619	-1.9994794389362656	0.045556504355252374	0.001	10000
Howard2019dep23andMe	0.4	other	apoe4dose	1.2700945307535063	0.0262883124576496	48.31403814146021	0	0.001	10000
Howard2019dep23andMe	0.4	other	cohortADC1	0.9987712296125087	0.07263767280457022	13.750044447316986	5.089824733342792e-43	0.001	10000
Howard2019dep23andMe	0.4	other	cohortUPITT	0.39258715670590144	0.06915744585727195	5.676715671601407	1.3730541145125784e-8	0.001	10000
Howard2019dep23andMe	0.4	other	cohortACT	-0.758142406427829	0.07294780068334741	-10.392943986327726	2.6698264765611696e-25	0.001	10000
Howard2019dep23andMe	0.4	other	cohortLOAD	-0.04029005003972823	0.06913010709102449	-0.5828148072543531	0.5600179758378392	0.001	10000
Howard2019dep23andMe	0.4	other	cohortMAYO	-0.5435373477880476	0.07199087075661167	-7.550087144044287	4.3496710366405636e-14	0.001	10000
Howard2019dep23andMe	0.4	other	cohortADC9	0.3896364090403784	0.07217308417549151	5.398638751434858	6.714842611624795e-8	0.001	10000
Howard2019dep23andMe	0.4	other	cohortADC7	-0.5738488464479121	0.07744935789770802	-7.409342853504719	1.2692677793889267e-13	0.001	10000
Howard2019dep23andMe	0.4	other	cohortADC10	0.27079645335597846	0.08144818785011296	3.3247695314513117	8.849165225108549e-4	0.001	10000
Howard2019dep23andMe	0.4	other	cohortADC3	0.1611766962712016	0.07976181537964157	2.0207250236726733	0.043308237943708305	0.001	10000
Howard2019dep23andMe	0.4	other	cohortTGEN2	0.5617319816673415	0.0860447598679692	6.52836945014766	6.64895285614526e-11	0.001	10000
Howard2019dep23andMe	0.4	other	cohortROSMAP	-0.4304966221860853	0.09114712539480928	-4.723095987079825	2.3228114877948022e-6	0.001	10000
Howard2019dep23andMe	0.4	other	cohortADC8	-0.20289186811233173	0.08654626587174163	-2.3443168352636956	0.01906197074900318	0.001	10000
Howard2019dep23andMe	0.4	other	cohortADC5	-0.6203192315314839	0.09453540128242974	-6.561766524672022	5.3174028142398517e-11	0.001	10000
Howard2019dep23andMe	0.4	other	cohortMIRAGE	0.3896183251422639	0.09838769627522623	3.960030978389407	7.49400413716816e-5	0.001	10000
Howard2019dep23andMe	0.4	other	cohortADC2	1.3013724155414423	0.11072550680739697	11.753140293185858	6.804234381419777e-32	0.001	10000
Howard2019dep23andMe	0.4	other	cohortADC4	-0.23586567311620008	0.09814186734014047	-2.403313483925631	0.01624725282208035	0.001	10000
Howard2019dep23andMe	0.4	other	cohortWHICAP	-1.845913104148922	0.1431345884802561	-12.89634548677622	4.719533200488272e-38	0.001	10000
Howard2019dep23andMe	0.4	other	cohortUKS	4.4401168349759566	0.38343905267548234	11.579719916358599	5.221637628466817e-31	0.001	10000
Howard2019dep23andMe	0.4	other	cohortADC6	-0.48428061875601175	0.10667737565079577	-4.539675032326306	5.63409940298037e-6	0.001	10000
Howard2019dep23andMe	0.4	other	cohortWASHU	0.5801312251581412	0.10979706105356657	5.28366806535116	1.266225907743987e-7	0.001	10000
Howard2019dep23andMe	0.4	other	cohortTARC1	0.4625416299926743	0.11161903762646956	4.143931356410353	3.414019749428089e-5	0.001	10000
Howard2019dep23andMe	0.4	other	cohortADNI	0.35767806357753956	0.11634170360148294	3.074375331503917	0.002109438638412518	0.001	10000
Howard2019dep23andMe	0.4	other	cohortMTV	0.6430608298651469	0.132962907277179	4.83639266795363	1.322166126842566e-6	0.001	10000
Howard2019dep23andMe	0.4	other	cohortOHSU	0.3137946100735199	0.14073607384924205	2.2296672167340685	0.025769543839054183	0.001	10000
Howard2019dep23andMe	0.4	other	cohortRMayo	-2.649672049076969	0.30806708418761414	-8.60095798960238	7.905342047570835e-18	0.001	10000
Howard2019dep23andMe	0.4	other	cohortCHAP	-1.4374647401372294	0.22654793540101695	-6.345079850728919	2.223101083509266e-10	0.001	10000
Howard2019dep23andMe	0.4	other	cohortEAS	-2.5839063309017716	0.35378698528338176	-7.303565247975627	2.8024087982016215e-13	0.001	10000
Howard2019dep23andMe	0.4	other	cohortROSMAP2	0.057784732582879236	0.2026173946127193	0.2851913711225453	0.7754975308307335	0.001	10000
Howard2019dep23andMe	0.4	other	cohortBIOCARD	-3.174600029226406	0.43280438261097015	-7.334953518897063	2.21798450002888e-13	0.001	10000
Howard2019dep23andMe	0.4	other	cohortWASHU2	-0.6979447330628856	0.22558654706834147	-3.0939111491051956	0.001975366353482205	0.001	10000
Howard2019dep23andMe	0.4	other	cohortNBB	0.7686446494041659	0.25323791561336273	3.03526684597149	0.0024032295494846364	0.001	10000
Howard2019dep23andMe	0.4	other	cohortACT2	1.2881512767984822	0.4597084504915673	2.8021048458453595	0.005077037073574536	0.001	10000
Howard2019dep23andMe	0.4	other	jointPC1	-12.74955347525077	2.5552758693111763	-4.98950177097225	6.053521939927296e-7	0.001	10000
Howard2019dep23andMe	0.4	other	jointPC2	2.5406480372209685	2.4328286529799263	1.0443185277799882	0.2963380435591974	0.001	10000
Howard2019dep23andMe	0.4	other	jointPC3	2.571805230013935	2.4167708926378166	1.0641493729705194	0.2872610373547863	0.001	10000
Howard2019dep23andMe	0.4	other	jointPC4	-2.37445634008272	2.4463253265998097	-0.9706216561895381	0.33173671772884933	0.001	10000
Howard2019dep23andMe	0.4	other	jointPC5	1.603022076205522	2.4287050304240267	0.6600316037249081	0.5092335485714146	0.001	10000
Howard2019dep23andMe	0.4	other	jointPC6	-0.9536206231935174	2.490461411694238	-0.38290921462010447	0.7017870788546396	0.001	10000
Howard2019dep23andMe	0.4	other	jointPC7	10.537642782178592	2.4349924969799037	4.327587372547686	1.5075155087372342e-5	0.001	10000
Howard2019dep23andMe	0.4	other	jointPC8	7.129357383277933	2.4336397315226175	2.9295040226917313	0.0033950341862835887	0.001	10000
Howard2019dep23andMe	0.4	other	jointPC9	-0.12126470415301106	2.445957192320437	-0.049577606890973167	0.9604589917950027	0.001	10000
Howard2019dep23andMe	0.4	other	jointPC10	-4.901130888235378	2.4466582378756407	-2.003193912563318	0.04515647881775681	0.001	10000
Howard2019dep23andMe	0.5	other	(Intercept)	0.769793356424059	0.14990740702580882	5.135125553145799	2.819557284061835e-7	0.001	10000
Howard2019dep23andMe	0.5	other	prs.pt_0.5	-0.005418047700968641	0.014057116759170414	-0.3854309382067329	0.6999181644530776	0.001	10000
Howard2019dep23andMe	0.5	other	aaoaae2	-0.017714872185591285	0.0018885643442908496	-9.380073408218012	6.592681230420399e-21	0.001	10000
Howard2019dep23andMe	0.5	other	sex2	-0.05739557709401092	0.02870263411428863	-1.99966236079491	0.0455367351424333	0.001	10000
Howard2019dep23andMe	0.5	other	apoe4dose	1.2700889069426078	0.02628836337501346	48.31373063527419	0	0.001	10000
Howard2019dep23andMe	0.5	other	cohortADC1	0.9987689395640018	0.07263755565370324	13.750035096522168	5.090482619648693e-43	0.001	10000
Howard2019dep23andMe	0.5	other	cohortUPITT	0.3925966205174897	0.06915750363087883	5.676847773640507	1.371994629005801e-8	0.001	10000
Howard2019dep23andMe	0.5	other	cohortACT	-0.7581390074486092	0.07294767734833936	-10.39291496325987	2.670639236184088e-25	0.001	10000
Howard2019dep23andMe	0.5	other	cohortLOAD	-0.040291876478438245	0.06913004251589681	-0.582841772000544	0.5599998217718701	0.001	10000
Howard2019dep23andMe	0.5	other	cohortMAYO	-0.5435279909327049	0.07199077576698715	-7.54996713317751	4.353680959893349e-14	0.001	10000
Howard2019dep23andMe	0.5	other	cohortADC9	0.3896232044502059	0.07217326638010603	5.398442165527405	6.722203010605036e-8	0.001	10000
Howard2019dep23andMe	0.5	other	cohortADC7	-0.5738559913711886	0.07744940589390246	-7.409430514642177	1.268429133941916e-13	0.001	10000
Howard2019dep23andMe	0.5	other	cohortADC10	0.270800633034176	0.08144802834575665	3.3248273596580487	8.847330071749477e-4	0.001	10000
Howard2019dep23andMe	0.5	other	cohortADC3	0.16118341183636634	0.07976143748685048	2.020818793078286	0.04329852666724519	0.001	10000
Howard2019dep23andMe	0.5	other	cohortTGEN2	0.5617204934749921	0.08604473269724014	6.52823799745512	6.654789533568256e-11	0.001	10000
Howard2019dep23andMe	0.5	other	cohortROSMAP	-0.43048787075984074	0.0911469448502318	-4.723009328148051	2.3238018652103322e-6	0.001	10000
Howard2019dep23andMe	0.5	other	cohortADC8	-0.20290354067169186	0.08654655646787776	-2.3444438340767566	0.019055480331791122	0.001	10000
Howard2019dep23andMe	0.5	other	cohortADC5	-0.620320868942875	0.09453525240536088	-6.561794178990291	5.3164165287356885e-11	0.001	10000
Howard2019dep23andMe	0.5	other	cohortMIRAGE	0.3896079027935887	0.09838777208959612	3.9599219955788314	7.497424895019641e-5	0.001	10000
Howard2019dep23andMe	0.5	other	cohortADC2	1.301382784296384	0.11072509348502069	11.753277810259336	6.793167433231391e-32	0.001	10000
Howard2019dep23andMe	0.5	other	cohortADC4	-0.23586410334072536	0.0981418812220911	-2.403297149022184	0.016247978662249942	0.001	10000
Howard2019dep23andMe	0.5	other	cohortWHICAP	-1.845918477505875	0.14313427383658822	-12.896411376727984	4.715500708446705e-38	0.001	10000
Howard2019dep23andMe	0.5	other	cohortUKS	4.440103810209735	0.3834391117873072	11.579684162925588	5.223815804593816e-31	0.001	10000
Howard2019dep23andMe	0.5	other	cohortADC6	-0.48427638580385846	0.10667730811272681	-4.539638226455054	5.635082920476551e-6	0.001	10000
Howard2019dep23andMe	0.5	other	cohortWASHU	0.5801378090023808	0.10979725889341387	5.283718508542658	1.2658771265730525e-7	0.001	10000
Howard2019dep23andMe	0.5	other	cohortTARC1	0.4625378714446135	0.11161887902114119	4.143903571697817	3.414433636887239e-5	0.001	10000
Howard2019dep23andMe	0.5	other	cohortADNI	0.35767705675999273	0.1163413369352271	3.0743763668379454	0.0021094313170635028	0.001	10000
Howard2019dep23andMe	0.5	other	cohortMTV	0.643072746571164	0.13296305699621716	4.836476846267604	1.3216065919070773e-6	0.001	10000
Howard2019dep23andMe	0.5	other	cohortOHSU	0.3137888863373019	0.14073634022037684	2.229622326727729	0.02577252635117111	0.001	10000
Howard2019dep23andMe	0.5	other	cohortRMayo	-2.649693381321745	0.3080674182134364	-8.6010179092875525	7.901215284725242e-18	0.001	10000
Howard2019dep23andMe	0.5	other	cohortCHAP	-1.4374769492923982	0.226547304206543	-6.345151421364306	2.2220677986009098e-10	0.001	10000
Howard2019dep23andMe	0.5	other	cohortEAS	-2.5838792220561873	0.3537870184518561	-7.303487938486374	2.804020234590318e-13	0.001	10000
Howard2019dep23andMe	0.5	other	cohortROSMAP2	0.05776970911663811	0.20261672014788193	0.28511817324095606	0.7755536074246996	0.001	10000
Howard2019dep23andMe	0.5	other	cohortBIOCARD	-3.1745936316902936	0.4328036787730692	-7.3349506655991705	2.2180317536476604e-13	0.001	10000
Howard2019dep23andMe	0.5	other	cohortWASHU2	-0.6979455517288448	0.22558625920692207	-3.093918726178462	0.0019753159058345637	0.001	10000
Howard2019dep23andMe	0.5	other	cohortNBB	0.7686218731333995	0.2532390881566875	3.0351628523390803	0.002404058391040637	0.001	10000
Howard2019dep23andMe	0.5	other	cohortACT2	1.2881545354298458	0.45970699671454074	2.8021207957157483	0.005076786062640689	0.001	10000
Howard2019dep23andMe	0.5	other	jointPC1	-12.747840105024748	2.55492179933083	-4.9895226180165615	6.052868728726984e-7	0.001	10000
Howard2019dep23andMe	0.5	other	jointPC2	2.541654065476422	2.4328285965462633	1.0447320740493808	0.2961468165024021	0.001	10000
Howard2019dep23andMe	0.5	other	jointPC3	2.5724748146330714	2.4167831734557566	1.0644210216652128	0.28713801490897073	0.001	10000
Howard2019dep23andMe	0.5	other	jointPC4	-2.3736594886046207	2.4463129356573243	-0.970300836825203	0.33189656029486625	0.001	10000
Howard2019dep23andMe	0.5	other	jointPC5	1.6033315591882018	2.4287035053009713	0.6601594454361002	0.509151514188474	0.001	10000
Howard2019dep23andMe	0.5	other	jointPC6	-0.9529154186578503	2.490446305368224	-0.3826283733175919	0.70199532950828325	0.001	10000
Howard2019dep23andMe	0.5	other	jointPC7	10.537766362383177	2.434993582055954	4.327636195856318	1.5071814789837083e-5	0.001	10000
Howard2019dep23andMe	0.5	other	jointPC8	7.1289409685977	2.4336464422006534	2.9293248374037733	0.0033969921296211126	0.001	10000
Howard2019dep23andMe	0.5	other	jointPC9	-0.1211149023639171	2.445952137724313	-0.049516464568518125	0.9605077164660626	0.001	10000
Howard2019dep23andMe	0.5	other	jointPC10	-4.90072564277066	2.4466619214099117	-2.003025264702927	0.04517457674678928	0.001	10000
Howard2019dep23andMe	1	other	(Intercept)	0.7697389742926659	0.1499080389660039	5.134741135978885	2.825326333264626e-7	0.001	10000
Howard2019dep23andMe	1	other	prs.pt_1	-0.004932785743292926	0.014058125139049383	-0.35088503584244546	0.725674598284224	0.001	10000
Howard2019dep23andMe	1	other	aaoaae2	-0.017714362938402808	0.001888569803790855	-9.379776645186974	6.611262941695006e-21	0.001	10000
Howard2019dep23andMe	1	other	sex2	-0.05740008079096835	0.028702613091376478	-1.999820734378148	0.04551962481516724	0.001	10000
Howard2019dep23andMe	1	other	apoe4dose	1.2700964900024876	0.026288340844771253	48.3140604993757	0	0.001	10000
Howard2019dep23andMe	1	other	cohortADC1	0.9987846069177507	0.0726377349828019	13.750216841896684	5.077710850399376e-43	0.001	10000
Howard2019dep23andMe	1	other	cohortUPITT	0.3925961487323838	0.06915744227644241	5.676845988072589	1.3720089443311005e-8	0.001	10000
Howard2019dep23andMe	1	other	cohortACT	-0.7581281055494419	0.07294773513350698	-10.392757282483633	2.6750592023944446e-25	0.001	10000
Howard2019dep23andMe	1	other	cohortLOAD	-0.04026615539299505	0.06913008437021803	-0.5824693512213062	0.5602505799983534	0.001	10000
Howard2019dep23andMe	1	other	cohortMAYO	-0.5435313770147359	0.07199086818271325	-7.550004476057297	4.3524328327940924e-14	0.001	10000
Howard2019dep23andMe	1	other	cohortADC9	0.38964755591420214	0.07217330440092452	5.398776724281601	6.709681415197843e-8	0.001	10000
Howard2019dep23andMe	1	other	cohortADC7	-0.5738336573861835	0.07744949012633755	-7.409134087908542	1.2712672138886447e-13	0.001	10000
Howard2019dep23andMe	1	other	cohortADC10	0.27082625100771196	0.08144807077434277	3.3251401590352443	8.837409631512981e-4	0.001	10000
Howard2019dep23andMe	1	other	cohortADC3	0.1612174815674891	0.07976142276333555	2.021246311589078	0.04325427380868542	0.001	10000
Howard2019dep23andMe	1	other	cohortTGEN2	0.5617654020365468	0.08604523301824493	6.528721956246323	6.633325811713215e-11	0.001	10000
Howard2019dep23andMe	1	other	cohortROSMAP	-0.4304545621978961	0.091146763090871	-4.722653307707086	2.3278748836571386e-6	0.001	10000
Howard2019dep23andMe	1	other	cohortADC8	-0.20288921058351317	0.08654609589109581	-2.3442907331003844	0.01906330496883796	0.001	10000
Howard2019dep23andMe	1	other	cohortADC5	-0.6203369495116435	0.09453523789568773	-6.561965287442732	5.3103179594137535e-11	0.001	10000
Howard2019dep23andMe	1	other	cohortMIRAGE	0.38961229032490047	0.0983880671141812	3.959954715572856	7.496397723144845e-5	0.001	10000
Howard2019dep23andMe	1	other	cohortADC2	1.3014251174737588	0.11072458276490606	11.75371435119323	6.758154254641823e-32	0.001	10000
Howard2019dep23andMe	1	other	cohortADC4	-0.23585136776825014	0.09814178141886618	-2.403169825924023	0.01625363723099704	0.001	10000
Howard2019dep23andMe	1	other	cohortWHICAP	-1.8458622493367753	0.14313370185559166	-12.896070075788828	4.736425609282209e-38	0.001	10000
Howard2019dep23andMe	1	other	cohortUKS	4.4401466905369595	0.38343892513811256	11.579801630566442	5.216662807455902e-31	0.001	10000
Howard2019dep23andMe	1	other	cohortADC6	-0.48424818146958915	0.10667712758997887	-4.539381518884081	5.641947169348183e-6	0.001	10000
Howard2019dep23andMe	1	other	cohortWASHU	0.5801143677665066	0.1097972382979813	5.2835060039681565	1.2673470838659982e-7	0.001	10000
Howard2019dep23andMe	1	other	cohortTARC1	0.4625404734376572	0.11161864190770866	4.143935686120483	3.413955257363074e-5	0.001	10000
Howard2019dep23andMe	1	other	cohortADNI	0.3576624620625675	0.11634191971302799	3.0742355201357094	0.002110427526483961	0.001	10000
Howard2019dep23andMe	1	other	cohortMTV	0.643076572834282	0.13296355478323718	4.836487516317179	1.3215356841403752e-6	0.001	10000
Howard2019dep23andMe	1	other	cohortOHSU	0.3138041227532935	0.14073635001917417	2.229730433612498	0.02576534418752847	0.001	10000
Howard2019dep23andMe	1	other	cohortRMayo	-2.649621034248531	0.3080644348540418	-8.600866359350757	7.911656881302298e-18	0.001	10000
Howard2019dep23andMe	1	other	cohortCHAP	-1.4374746097380988	0.22654756660817876	-6.345133745021667	2.2223229531786595e-10	0.001	10000
Howard2019dep23andMe	1	other	cohortEAS	-2.5839650732694643	0.353786537447477	-7.303740532108514	2.798758550061136e-13	0.001	10000
Howard2019dep23andMe	1	other	cohortROSMAP2	0.05784925800224538	0.20261714868773203	0.28551017708476917	0.7752533085590512	0.001	10000
Howard2019dep23andMe	1	other	cohortBIOCARD	-3.174603012061909	0.43280659749302464	-7.3349228742130554	2.2184920600084067e-13	0.001	10000
Howard2019dep23andMe	1	other	cohortWASHU2	-0.6979298236946238	0.2255856252203925	-3.0938577004308705	0.0019757222447816043	0.001	10000
Howard2019dep23andMe	1	other	cohortNBB	0.7686917760633978	0.2532384878119378	3.0354460836705455	0.0024018016177231646	0.001	10000
Howard2019dep23andMe	1	other	cohortACT2	1.287977959832663	0.459708737310608	2.8017260828401973	0.005083001150212654	0.001	10000
Howard2019dep23andMe	1	other	jointPC1	-12.745762921127211	2.5552086038780146	-4.988149657050737	6.096033853294672e-7	0.001	10000
Howard2019dep23andMe	1	other	jointPC2	2.5372409051652833	2.4327798866711396	1.0429389518823593	0.29697656776903025	0.001	10000
Howard2019dep23andMe	1	other	jointPC3	2.5716781074558415	2.4167775677319345	1.0640938337859847	0.28728619394889227	0.001	10000
Howard2019dep23andMe	1	other	jointPC4	-2.374005233807618	2.446319285215029	-0.9704396511753557	0.33182739239556375	0.001	10000
Howard2019dep23andMe	1	other	jointPC5	1.6021882726251666	2.4286989343596983	0.659689947551102	0.5094528189151113	0.001	10000
Howard2019dep23andMe	1	other	jointPC6	-0.9528076137100638	2.49045051127491	-0.3825844398017382	0.7020279093030566	0.001	10000
Howard2019dep23andMe	1	other	jointPC7	10.537084144820051	2.434988765296168	4.327364583769825	1.509040637494296e-5	0.001	10000
Howard2019dep23andMe	1	other	jointPC8	7.130001033536441	2.433643414922456	2.9297640688924127	0.0033921945097253386	0.001	10000
Howard2019dep23andMe	1	other	jointPC9	-0.12078610118805622	2.4459539918850677	-0.04938200047457467	0.960614872200376	0.001	10000
Howard2019dep23andMe	1	other	jointPC10	-4.901015423715936	2.4466656571430114	-2.003140645477031	0.045162194351556745	0.001	10000
Howard2019dep23andMe	pc1	PCA	(Intercept)	0.7696085868856688	0.14990448365809494	5.133993114182008	2.8365847819474185e-7	0.001	10000
Howard2019dep23andMe	pc1	PCA	prs.pc1	-0.004617388801956057	0.014059136064101129	-0.3284262120306373	0.7425894267943485	0.001	10000
Howard2019dep23andMe	pc1	PCA	aaoaae2	-0.01771269411238237	0.00188852664360111	-9.379107344023048	6.653361353207242e-21	0.001	10000
Howard2019dep23andMe	pc1	PCA	sex2	-0.05739707024333769	0.028702583695141462	-1.9997178948407142	0.04553073475154785	0.001	10000
Howard2019dep23andMe	pc1	PCA	apoe4dose	1.2701124684783587	0.026288152362916647	48.31501472389674	0	0.001	10000
Howard2019dep23andMe	pc1	PCA	cohortADC1	0.9988018262053509	0.07263775192278116	13.750450692184756	5.061324403916347e-43	0.001	10000
Howard2019dep23andMe	pc1	PCA	cohortUPITT	0.3925276901444834	0.06915784836935952	5.675822764873543	1.3802362815824883e-8	0.001	10000
Howard2019dep23andMe	pc1	PCA	cohortACT	-0.7581158668757465	0.07294742670649375	-10.392633449923455	2.6785354471092507e-25	0.001	10000
Howard2019dep23andMe	pc1	PCA	cohortLOAD	-0.04029004456852293	0.06913154799134977	-0.5828025805752868	0.5600262075664743	0.001	10000
Howard2019dep23andMe	pc1	PCA	cohortMAYO	-0.5435504182864682	0.07199097383694109	-7.550257890907339	4.343972129976054e-14	0.001	10000
Howard2019dep23andMe	pc1	PCA	cohortADC9	0.389633497038773	0.07217448714576158	5.398493462819903	6.720281628606478e-8	0.001	10000
Howard2019dep23andMe	pc1	PCA	cohortADC7	-0.5737938243934537	0.07744918023693714	-7.408649421957334	1.2759210017407206e-13	0.001	10000
Howard2019dep23andMe	pc1	PCA	cohortADC10	0.270836584412563	0.08144825881219683	3.3252593531441503	8.83363210146788e-4	0.001	10000
Howard2019dep23andMe	pc1	PCA	cohortADC3	0.1612347354231084	0.07976131640345381	2.0214653254660506	0.043231618276381015	0.001	10000
Howard2019dep23andMe	pc1	PCA	cohortTGEN2	0.5617863503515993	0.08604583937884033	6.528919403972356	6.624588403580144e-11	0.001	10000
Howard2019dep23andMe	pc1	PCA	cohortROSMAP	-0.4304338551360656	0.09114661394430236	-4.72243385145491	2.3303889662040047e-6	0.001	10000
Howard2019dep23andMe	pc1	PCA	cohortADC8	-0.20285889216878714	0.0865456585460247	-2.343952262618782	0.019080613383076952	0.001	10000
Howard2019dep23andMe	pc1	PCA	cohortADC5	-0.6203495054843529	0.09453529624207695	-6.56209405528091	5.305732988346645e-11	0.001	10000
Howard2019dep23andMe	pc1	PCA	cohortMIRAGE	0.3896125081576661	0.09838793330075023	3.959962315365509	7.496159163501815e-5	0.001	10000
Howard2019dep23andMe	pc1	PCA	cohortADC2	1.301405108407662	0.11072603566089427	11.75337941650237	6.785001960381485e-32	0.001	10000
Howard2019dep23andMe	pc1	PCA	cohortADC4	-0.2359085521513935	0.09814143769755357	-2.4037609157347215	0.016227382300697864	0.001	10000
Howard2019dep23andMe	pc1	PCA	cohortWHICAP	-1.8459013794711676	0.14313691188170827	-12.896054240688553	4.737398684710659e-38	0.001	10000
Howard2019dep23andMe	pc1	PCA	cohortUKS	4.4401167011605756	0.3834391936546345	11.579715309853821	5.221918216050458e-31	0.001	10000
Howard2019dep23andMe	pc1	PCA	cohortADC6	-0.48421022023506227	0.1066762220448306	-4.539064197751335	5.650443260795436e-6	0.001	10000
Howard2019dep23andMe	pc1	PCA	cohortWASHU	0.5800548109357749	0.10979715110935272	5.282967773526911	1.271077575874702e-7	0.001	10000
Howard2019dep23andMe	pc1	PCA	cohortTARC1	0.4625205406717923	0.11161892205136469	4.143746706843756	3.4167712259659205e-5	0.001	10000
Howard2019dep23andMe	pc1	PCA	cohortADNI	0.35761208238783837	0.11634085144152838	3.073830713432334	0.002113293128858798	0.001	10000
Howard2019dep23andMe	pc1	PCA	cohortMTV	0.6430681389176103	0.1329629207504506	4.83644714848392	1.3218039676624563e-6	0.001	10000
Howard2019dep23andMe	pc1	PCA	cohortOHSU	0.3137369099644797	0.14073598826763592	2.2292585842922428	0.02579670457337972	0.001	10000
Howard2019dep23andMe	pc1	PCA	cohortRMayo	-2.649482414842893	0.30805677958423755	-8.600630112470538	7.927961158270295e-18	0.001	10000
Howard2019dep23andMe	pc1	PCA	cohortCHAP	-1.437315025127516	0.22654632977355527	-6.344463962687837	2.232012247219816e-10	0.001	10000
Howard2019dep23andMe	pc1	PCA	cohortEAS	-2.584060123871203	0.3537869754017145	-7.304000156978872	2.793360506943804e-13	0.001	10000
Howard2019dep23andMe	pc1	PCA	cohortROSMAP2	0.05786384292158533	0.20262515716865426	0.2855708724925138	0.7752068151764963	0.001	10000
Howard2019dep23andMe	pc1	PCA	cohortBIOCARD	-3.174364625087081	0.43279765153483396	-7.334523682903096	2.2251141956137074e-13	0.001	10000
Howard2019dep23andMe	pc1	PCA	cohortWASHU2	-0.6979116467841875	0.2255876696534311	-3.0937490859158423	0.0019764456425735532	0.001	10000
Howard2019dep23andMe	pc1	PCA	cohortNBB	0.7686411408552015	0.25324433562220494	3.035176044379038	0.0024039532344319286	0.001	10000
Howard2019dep23andMe	pc1	PCA	cohortACT2	1.288330194864108	0.4597222339927696	2.8024100197954978	0.0050722363470948216	0.001	10000
Howard2019dep23andMe	pc1	PCA	jointPC1	-12.726006746384034	2.553152835727658	-4.98442810328551	6.214534797778889e-7	0.001	10000
Howard2019dep23andMe	pc1	PCA	jointPC2	2.5470251850935717	2.434888631041908	1.0460540792798723	0.2955360649275739	0.001	10000
Howard2019dep23andMe	pc1	PCA	jointPC3	2.5728643014875403	2.4168349689209943	1.0645593656881778	0.28707537626119184	0.001	10000
Howard2019dep23andMe	pc1	PCA	jointPC4	-2.370461692430206	2.446274394632197	-0.9690089131585791	0.3325407420765298	0.001	10000
Howard2019dep23andMe	pc1	PCA	jointPC5	1.600484577499007	2.4286688842956425	0.658996616561494	0.5098979413406435	0.001	10000
Howard2019dep23andMe	pc1	PCA	jointPC6	-0.9469711386197607	2.4903802388054923	-0.380251627387621	0.7037586391212638	0.001	10000
Howard2019dep23andMe	pc1	PCA	jointPC7	10.533130553985314	2.4349115130984496	4.325878167367897	1.5192538027921548e-5	0.001	10000
Howard2019dep23andMe	pc1	PCA	jointPC8	7.128610663499208	2.4337367424986476	2.9290804297018864	0.003399664410507407	0.001	10000
Howard2019dep23andMe	pc1	PCA	jointPC9	-0.12227957423019778	2.445993700838982	-0.04999177806069393	0.9601289402879589	0.001	10000
Howard2019dep23andMe	pc1	PCA	jointPC10	-4.9015353251448195	2.4466673471756057	-2.0033517555229055	0.04513954592175749	0.001	10000
