SNP,effect_allele.exposure,other_allele.exposure,effect_allele.outcome,other_allele.outcome,beta.exposure,beta.outcome,eaf.exposure,eaf.outcome,remove,palindromic,ambiguous,id.outcome,chr.outcome,pos.outcome,se.outcome,z.outcome,pval.outcome,samplesize.outcome,outcome,mr_keep.outcome,pval_origin.outcome,chr.exposure,pos.exposure,se.exposure,z.exposure,pval.exposure,samplesize.exposure,exposure,mr_keep.exposure,pval_origin.exposure,id.exposure,action,mr_keep,pt
rs1002656,T,C,T,C,-0.0266,9.577790977967953e-4,0.7033,0.7065,FALSE,FALSE,FALSE,MKSkw5,1,37192741,0.009482961364324704,0.10099999999999999,0.9196,26814,Hilbar2017hipv,TRUE,reported,1,37192741,0.0038,-7,3.739e-12,807553,Howard2019dep23andMe,TRUE,reported,6TxxdN,2,TRUE,5e-8
rs10061069,C,G,C,G,-0.0275,-0.0016436296262914607,0.2212,0.2174,FALSE,TRUE,FALSE,MKSkw5,5,93071630,0.010468978511410577,-0.157,0.8756,26814,Hilbar2017hipv,TRUE,reported,5,93071630,0.0042,-6.547619047619048,8.1520000000000006e-11,807553,Howard2019dep23andMe,TRUE,reported,6TxxdN,2,TRUE,5e-8
rs10149470,G,A,G,A,0.0267,0.006412,0.5131,0.5173,FALSE,FALSE,FALSE,MKSkw5,14,104017953,0.008641514290107606,0.742,0.4582,26814,Hilbar2017hipv,TRUE,reported,14,104017953,0.0035,7.62857,3.718e-14,807553,Howard2019dep23andMe,TRUE,reported,6TxxdN,2,TRUE,5e-8
rs1021363,G,A,G,A,-0.0303,-0.00187335,0.6453,0.6425,FALSE,FALSE,FALSE,MKSkw5,10,106610839,0.009093909347272206,-0.206,0.8367,26322,Hilbar2017hipv,TRUE,reported,10,106610839,0.0037,-8.18919,4.4060000000000005e-16,807553,Howard2019dep23andMe,TRUE,reported,6TxxdN,2,TRUE,5e-8
rs1045430,G,T,G,T,0.0253,0.00211774,0.5208,0.5207,FALSE,FALSE,FALSE,MKSkw5,14,75130235,0.00864382986621556,0.245,0.8067,26814,Hilbar2017hipv,TRUE,reported,14,75130235,0.0035,7.22857,7.308e-13,807553,Howard2019dep23andMe,TRUE,reported,6TxxdN,2,TRUE,5e-8
rs10774600,C,T,C,T,0.0267,-0.00117509,0.8344,0.8257,FALSE,FALSE,FALSE,MKSkw5,12,110741356,0.011408656963380821,-0.103,0.9178,26692,Hilbar2017hipv,TRUE,reported,12,110741356,0.0048,5.5625,3.387e-8,807553,Howard2019dep23andMe,TRUE,reported,6TxxdN,2,TRUE,5e-8
rs10789214,T,C,T,C,0.0193,0.0037297140310081772,0.5661,0.5667,FALSE,FALSE,FALSE,MKSkw5,1,67146817,0.008714285119177984,0.428,0.6686,26814,Hilbar2017hipv,TRUE,reported,1,67146817,0.0035,5.514285714285714,4.4420000000000003e-8,807553,Howard2019dep23andMe,TRUE,reported,6TxxdN,2,TRUE,5e-8
rs10817969,G,T,G,T,-0.0261,-0.0126118,0.2827,0.2804,FALSE,FALSE,FALSE,MKSkw5,9,119731045,0.00966424333413548,-1.305,0.192,26530,Hilbar2017hipv,TRUE,reported,9,119731045,0.0039,-6.69231,3.108e-11,807553,Howard2019dep23andMe,TRUE,reported,6TxxdN,2,TRUE,5e-8
rs10852673,A,G,A,G,-0.0218,0.004507988420777308,0.7179,0.7073,FALSE,FALSE,FALSE,MKSkw5,16,6324967,0.009490501938478543,0.475,0.6347,26814,Hilbar2017hipv,TRUE,reported,16,6324967,0.0039,-5.58974358974359,2.903e-8,807553,Howard2019dep23andMe,TRUE,reported,6TxxdN,2,TRUE,5e-8
rs10913112,T,C,T,C,-0.0264,-0.009236660759842434,0.3767,0.3758,FALSE,FALSE,FALSE,MKSkw5,1,175913828,0.008915695714133623,-1.036,0.3003,26814,Hilbar2017hipv,TRUE,reported,1,175913828,0.0036,-7.333333333333334,3.4e-13,807553,Howard2019dep23andMe,TRUE,reported,6TxxdN,2,TRUE,5e-8
rs1095626,C,T,C,T,0.0264,0.0057119,0.4201,0.4161,FALSE,FALSE,FALSE,MKSkw5,3,157977962,0.008760575999229397,0.652,0.5142,26814,Hilbar2017hipv,TRUE,reported,3,157977962,0.0035,7.54286,7.131e-14,807553,Howard2019dep23andMe,TRUE,reported,6TxxdN,2,TRUE,5e-8
rs10966790,C,A,C,A,-0.0325,0.00244563,0.1049,0.1028,FALSE,FALSE,FALSE,MKSkw5,9,25197675,0.014218794262567681,0.172,0.8634,26814,Hilbar2017hipv,TRUE,reported,9,25197675,0.0057,-5.70175,1.5280000000000002e-8,807553,Howard2019dep23andMe,TRUE,reported,6TxxdN,2,TRUE,5e-8
rs11135349,C,A,C,A,0.0295,-1.47768e-4,0.5287,0.5368,FALSE,FALSE,FALSE,MKSkw5,5,164523472,0.00869223052445191,-0.017,0.9867,26615,Hilbar2017hipv,TRUE,reported,5,164523472,0.0035,8.42857,6.041999999999999e-17,807553,Howard2019dep23andMe,TRUE,reported,6TxxdN,2,TRUE,5e-8
rs113188507,A,G,A,G,0.0221,0.010637160302178796,0.2838,0.2664,FALSE,FALSE,FALSE,MKSkw5,1,80809636,0.00976782396894288,1.089,0.276,26814,Hilbar2017hipv,TRUE,reported,1,80809636,0.0039,5.666666666666667,1.871e-8,807553,Howard2019dep23andMe,TRUE,reported,6TxxdN,2,TRUE,5e-8
rs1150697,G,C,G,C,0.0321,0.0243529,0.1073,0.0975,FALSE,TRUE,FALSE,MKSkw5,6,28175636,0.014556454968159528,1.673,0.09427999999999999,26814,Hilbar2017hipv,TRUE,reported,6,28175636,0.0057,5.63158,2.2880000000000004e-8,807553,Howard2019dep23andMe,TRUE,reported,6TxxdN,2,TRUE,5e-8
rs1152578,C,T,C,T,0.0218,0.00539924,0.5643,0.5642,FALSE,FALSE,FALSE,MKSkw5,14,64697037,0.008708451406955064,0.62,0.5355,26814,Hilbar2017hipv,TRUE,reported,14,64697037,0.0035,6.22857,6.363e-10,807553,Howard2019dep23andMe,TRUE,reported,6TxxdN,2,TRUE,5e-8
rs11579246,G,A,G,A,-0.0381,0.00112025,0.0933,0.1005,FALSE,FALSE,FALSE,MKSkw5,1,50559162,0.014362185630371019,0.078,0.9376,26814,Hilbar2017hipv,TRUE,reported,1,50559162,0.0061,-6.2459,5.706e-10,807553,Howard2019dep23andMe,TRUE,reported,6TxxdN,2,TRUE,5e-8
rs12052908,T,A,T,A,0.022,9.47712e-4,0.4675,0.4614,FALSE,TRUE,TRUE,MKSkw5,2,22503044,0.008694601872150579,0.109,0.9129999999999999,26615,Hilbar2017hipv,TRUE,reported,2,22503044,0.0035,6.28571,4.4360000000000005e-10,807553,Howard2019dep23andMe,TRUE,reported,6TxxdN,2,FALSE,5e-8
rs1226412,T,C,T,C,0.0256,-0.019056426354182542,0.7917,0.7905,FALSE,FALSE,FALSE,MKSkw5,2,157111313,0.010610482379834377,-1.796,0.07252,26814,Hilbar2017hipv,TRUE,reported,2,157111313,0.0043,5.953488372093023,3.4589999999999997e-9,807553,Howard2019dep23andMe,TRUE,reported,6TxxdN,2,TRUE,5e-8
rs12789028,A,G,A,G,0.0252,0.02816330442889075,0.1902,0.178,FALSE,FALSE,FALSE,MKSkw5,11,65326154,0.011310564027666966,2.49,0.01278,26706,Hilbar2017hipv,TRUE,reported,11,65326154,0.0045,5.6000000000000005,2.739e-8,807553,Howard2019dep23andMe,TRUE,reported,6TxxdN,2,TRUE,5e-8
rs12967143,C,G,C,G,-0.0312,0.005661110041452061,0.6984,0.7098,FALSE,TRUE,FALSE,MKSkw5,18,53099012,0.009514470657902624,0.595,0.5516,26814,Hilbar2017hipv,TRUE,reported,18,53099012,0.0038,-8.210526315789473,3.699e-16,807553,Howard2019dep23andMe,TRUE,reported,6TxxdN,2,TRUE,5e-8
rs12967855,G,A,G,A,-0.0265,-1.09731e-4,0.6705,0.6643,FALSE,FALSE,FALSE,MKSkw5,18,35138245,0.00914421443020374,-0.012,0.9907,26814,Hilbar2017hipv,TRUE,reported,18,35138245,0.0037,-7.16216,1.18e-12,807553,Howard2019dep23andMe,TRUE,reported,6TxxdN,2,TRUE,5e-8
rs1343605,C,A,C,A,-0.0313,0.0159201,0.616,0.6162,FALSE,FALSE,FALSE,MKSkw5,13,53647048,0.008879015911788189,1.793,0.07292,26814,Hilbar2017hipv,TRUE,reported,13,53647048,0.0036,-8.69444,6.229e-18,807553,Howard2019dep23andMe,TRUE,reported,6TxxdN,2,TRUE,5e-8
rs1409379,T,C,T,C,0.0249,0.008580355827255543,0.7641,0.7678,FALSE,FALSE,FALSE,MKSkw5,13,31907741,0.010226884180280744,0.8390000000000001,0.4013,26814,Hilbar2017hipv,TRUE,reported,13,31907741,0.0041,6.073170731707316,1.671e-9,807553,Howard2019dep23andMe,TRUE,reported,6TxxdN,2,TRUE,5e-8
rs141954845,A,G,A,G,0.0229,-0.005068819304249187,0.388,0.356,FALSE,FALSE,FALSE,MKSkw5,3,61192911,0.009067655284882266,-0.5589999999999999,0.5762,26524,Hilbar2017hipv,TRUE,reported,3,61192911,0.0037,6.189189189189189,8.144999999999999e-10,807553,Howard2019dep23andMe,TRUE,reported,6TxxdN,2,TRUE,5e-8
rs143186028,T,G,T,G,0.0277,0.001420300686357841,0.1778,0.1816,FALSE,FALSE,FALSE,MKSkw5,20,39997404,0.011272227669506677,0.126,0.8995,26477,Hilbar2017hipv,TRUE,reported,20,39997404,0.0046,6.021739130434782,2.288e-9,807553,Howard2019dep23andMe,TRUE,reported,6TxxdN,2,TRUE,5e-8
rs1448938,G,A,G,A,-0.0214,0.00326694,0.5829,0.5907,FALSE,FALSE,FALSE,MKSkw5,11,30892824,0.008782106940135245,0.372,0.7097,26814,Hilbar2017hipv,TRUE,reported,11,30892824,0.0035,-6.11429,1.2970000000000002e-9,807553,Howard2019dep23andMe,TRUE,reported,6TxxdN,2,TRUE,5e-8
rs1466887,T,C,T,C,-0.0199,5.73639381268538e-4,0.5511,0.5562,FALSE,FALSE,FALSE,MKSkw5,1,37709328,0.00869150577679603,0.066,0.9477,26814,Hilbar2017hipv,TRUE,reported,1,37709328,0.0036,-5.527777777777779,4.118e-8,807553,Howard2019dep23andMe,TRUE,reported,6TxxdN,2,TRUE,5e-8
rs1568452,T,C,T,C,0.0248,0.00869052745390029,0.3851,0.3763,FALSE,FALSE,FALSE,MKSkw5,2,58012833,0.008913361491179786,0.975,0.3296,26814,Hilbar2017hipv,TRUE,reported,2,58012833,0.0036,6.888888888888888,8.118e-12,807553,Howard2019dep23andMe,TRUE,reported,6TxxdN,2,TRUE,5e-8
rs1752164,C,T,C,T,0.0292,0.0159584,0.1337,0.1422,FALSE,FALSE,FALSE,MKSkw5,9,126558537,0.012390050052246242,1.288,0.1979,26700,Hilbar2017hipv,TRUE,reported,9,126558537,0.0051,5.72549,1.3319999999999998e-8,807553,Howard2019dep23andMe,TRUE,reported,6TxxdN,2,TRUE,5e-8
rs17641524,T,C,T,C,-0.032,-0.005423827424083357,0.2091,0.207,FALSE,FALSE,FALSE,MKSkw5,1,197704717,0.010697884465647648,-0.507,0.61240000000000006,26615,Hilbar2017hipv,TRUE,reported,1,197704717,0.0043,-7.441860465116279,1.522e-13,807553,Howard2019dep23andMe,TRUE,reported,6TxxdN,2,TRUE,5e-8
rs1890946,C,T,C,T,0.0235,-0.00126425,0.5329,0.5363,FALSE,FALSE,FALSE,MKSkw5,1,52342427,0.008659275966432796,-0.146,0.8837,26814,Hilbar2017hipv,TRUE,reported,1,52342427,0.0035,6.71429,2.68e-11,807553,Howard2019dep23andMe,TRUE,reported,6TxxdN,2,TRUE,5e-8
rs1933802,G,C,G,C,0.0223,-0.00184562,0.5464,0.5405,FALSE,TRUE,TRUE,MKSkw5,6,105365891,0.008664893421194995,-0.213,0.831,26814,Hilbar2017hipv,TRUE,reported,6,105365891,0.0035,6.37143,2.567e-10,807553,Howard2019dep23andMe,TRUE,reported,6TxxdN,2,FALSE,5e-8
rs1982277,C,T,C,T,-0.0279,-1.31634e-4,0.2406,0.2416,FALSE,FALSE,FALSE,MKSkw5,9,11513019,0.010125678602392687,-0.013,0.9897,26615,Hilbar2017hipv,TRUE,reported,9,11513019,0.0041,-6.80488,1.4470000000000001e-11,807553,Howard2019dep23andMe,TRUE,reported,6TxxdN,2,TRUE,5e-8
rs198457,T,C,T,C,-0.0292,0.010555594790726566,0.1925,0.1905,FALSE,FALSE,FALSE,MKSkw5,11,61471678,0.011018366169860716,0.958,0.3379,26706,Hilbar2017hipv,TRUE,reported,11,61471678,0.0046,-6.3478260869565215,2.9860000000000003e-10,807553,Howard2019dep23andMe,TRUE,reported,6TxxdN,2,TRUE,5e-8
rs200949,G,A,G,A,-0.048,-0.0166088,0.1256,0.1137,FALSE,FALSE,FALSE,MKSkw5,6,27835435,0.013602587234097505,-1.221,0.222,26814,Hilbar2017hipv,TRUE,reported,6,27835435,0.0053,-9.0566,2.525e-19,807553,Howard2019dep23andMe,TRUE,reported,6TxxdN,2,TRUE,5e-8
rs2029865,A,T,A,T,-0.0201,-0.004462620355940804,0.4534,0.4582,FALSE,TRUE,TRUE,MKSkw5,6,165121844,0.008699065021327104,-0.513,0.6076,26615,Hilbar2017hipv,TRUE,reported,6,165121844,0.0035,-5.742857142857143,1.2039999999999999e-8,807553,Howard2019dep23andMe,TRUE,reported,6TxxdN,2,FALSE,5e-8
rs2043539,A,G,A,G,0.0273,0.016146792707878645,0.4177,0.4171,FALSE,FALSE,FALSE,MKSkw5,7,12253880,0.008789761953118478,1.837,0.0662,26615,Hilbar2017hipv,TRUE,reported,7,12253880,0.0035,7.8,9.893e-15,807553,Howard2019dep23andMe,TRUE,reported,6TxxdN,2,TRUE,5e-8
rs2193255,C,A,C,A,0.0236,-0.0100646,0.5478,0.5617,FALSE,FALSE,FALSE,MKSkw5,7,117520009,0.008767047911601725,-1.148,0.2511,26422,Hilbar2017hipv,TRUE,reported,7,117520009,0.0035,6.74286,2.209e-11,807553,Howard2019dep23andMe,TRUE,reported,6TxxdN,2,TRUE,5e-8
rs2247523,G,C,G,C,0.0207,0.00241535,0.4681,0.4654,FALSE,TRUE,TRUE,MKSkw5,7,82454404,0.008657169138536844,0.279,0.7801,26814,Hilbar2017hipv,TRUE,reported,7,82454404,0.0035,5.91429,4.377e-9,807553,Howard2019dep23andMe,TRUE,reported,6TxxdN,2,FALSE,5e-8
rs2509805,C,T,C,T,-0.022,0.0105418,0.6791,0.6497,FALSE,FALSE,FALSE,MKSkw5,11,57650796,0.009072081804727508,1.162,0.2454,26692,Hilbar2017hipv,TRUE,reported,11,57650796,0.0038,-5.78947,9.17e-9,807553,Howard2019dep23andMe,TRUE,reported,6TxxdN,2,TRUE,5e-8
rs2568958,A,G,A,G,0.0373,0.013198763728672588,0.6156,0.6127,FALSE,FALSE,FALSE,MKSkw5,1,72765116,0.008864179804346936,1.489,0.1364,26814,Hilbar2017hipv,TRUE,reported,1,72765116,0.0036,10.36111111111111,8.473e-25,807553,Howard2019dep23andMe,TRUE,reported,6TxxdN,2,TRUE,5e-8
rs263583,G,A,G,A,-0.0219,0.0162623,0.4603,0.4712,FALSE,FALSE,FALSE,MKSkw5,9,17040154,0.008682499809337123,1.873,0.06104,26615,Hilbar2017hipv,TRUE,reported,9,17040154,0.0035,-6.25714,5.315000000000001e-10,807553,Howard2019dep23andMe,TRUE,reported,6TxxdN,2,TRUE,5e-8
rs2709906,A,C,A,C,0.02,0.01421334033845103,0.3985,0.388,FALSE,FALSE,FALSE,MKSkw5,7,82941002,0.00886118474965775,1.604,0.1088,26814,Hilbar2017hipv,TRUE,reported,7,82941002,0.0036,5.555555555555556,3.522e-8,807553,Howard2019dep23andMe,TRUE,reported,6TxxdN,2,TRUE,5e-8
rs2876520,G,C,G,C,0.023,-0.0077977,0.4729,0.4777,FALSE,TRUE,TRUE,MKSkw5,6,142996618,0.008644900068920951,-0.902,0.3672,26814,Hilbar2017hipv,TRUE,reported,6,142996618,0.0036,6.38889,2.2940000000000003e-10,807553,Howard2019dep23andMe,TRUE,reported,6TxxdN,2,FALSE,5e-8
rs301799,T,C,T,C,-0.025,-0.026045186207155083,0.5694,0.5631,FALSE,FALSE,FALSE,MKSkw5,1,8489302,0.008737063471034916,-2.9810000000000003,0.002869,26615,Hilbar2017hipv,TRUE,reported,1,8489302,0.0035,-7.142857142857143,1.3559999999999999e-12,807553,Howard2019dep23andMe,TRUE,reported,6TxxdN,2,TRUE,5e-8
rs30266,A,G,A,G,0.0308,-0.003377423000694348,0.3296,0.3273,FALSE,FALSE,FALSE,MKSkw5,5,103972357,0.00920278746783201,-0.36700000000000005,0.7135,26814,Hilbar2017hipv,TRUE,reported,5,103972357,0.0037,8.324324324324325,1.445e-16,807553,Howard2019dep23andMe,TRUE,reported,6TxxdN,2,TRUE,5e-8
rs3099439,T,C,T,C,-0.0276,0.005881753882951572,0.5288,0.5277,FALSE,FALSE,FALSE,MKSkw5,5,87545318,0.008649638063164076,0.68,0.4968,26814,Hilbar2017hipv,TRUE,reported,5,87545318,0.0035,-7.885714285714285,5.0490000000000006e-15,807553,Howard2019dep23andMe,TRUE,reported,6TxxdN,2,TRUE,5e-8
rs3213572,A,G,A,G,0.0217,-0.003878349032278954,0.4745,0.4655,FALSE,FALSE,FALSE,MKSkw5,12,121205078,0.00865702908990838,-0.44799999999999995,0.6539,26814,Hilbar2017hipv,TRUE,reported,12,121205078,0.0035,6.2,7.612000000000001e-10,807553,Howard2019dep23andMe,TRUE,reported,6TxxdN,2,TRUE,5e-8
rs33431,T,C,T,C,0.0198,0.008323653398359429,0.6144,0.6182,FALSE,FALSE,FALSE,MKSkw5,19,30939989,0.008940551448291546,0.9309999999999999,0.35200000000000004,26501,Hilbar2017hipv,TRUE,reported,19,30939989,0.0036,5.500000000000001,4.8120000000000003e-8,807553,Howard2019dep23andMe,TRUE,reported,6TxxdN,2,TRUE,5e-8
rs34488670,C,T,C,T,0.0252,0.00495997,0.2113,0.2139,FALSE,FALSE,FALSE,MKSkw5,15,47684936,0.010530721144017657,0.471,0.6379,26814,Hilbar2017hipv,TRUE,reported,15,47684936,0.0043,5.86047,6.032999999999999e-9,807553,Howard2019dep23andMe,TRUE,reported,6TxxdN,2,TRUE,5e-8
rs34937911,C,T,C,T,-0.0304,0.00633629,0.1162,0.1155,FALSE,FALSE,FALSE,MKSkw5,4,42110353,0.013510222690678609,0.469,0.6389,26814,Hilbar2017hipv,TRUE,reported,4,42110353,0.0055,-5.52727,4.13e-8,807553,Howard2019dep23andMe,TRUE,reported,6TxxdN,2,TRUE,5e-8
rs35553410,C,T,C,T,0.0244,-0.00885805,0.2538,0.2481,FALSE,FALSE,FALSE,MKSkw5,4,131237381,0.009997799386987877,-0.886,0.3757,26814,Hilbar2017hipv,TRUE,reported,4,131237381,0.004,6.1,1.417e-9,807553,Howard2019dep23andMe,TRUE,reported,6TxxdN,2,TRUE,5e-8
rs3793577,G,A,G,A,0.0229,-0.0073535,0.5335,0.538,FALSE,FALSE,FALSE,MKSkw5,9,23737627,0.008661362929962984,-0.849,0.3959,26814,Hilbar2017hipv,TRUE,reported,9,23737627,0.0035,6.54286,8.411e-11,807553,Howard2019dep23andMe,TRUE,reported,6TxxdN,2,TRUE,5e-8
rs3823624,C,T,C,T,-0.0272,-0.0032664,0.1933,0.194,FALSE,FALSE,FALSE,MKSkw5,7,2110346,0.010961062560718987,-0.298,0.7654,26615,Hilbar2017hipv,TRUE,reported,7,2110346,0.0045,-6.04444,1.9919999999999997e-9,807553,Howard2019dep23andMe,TRUE,reported,6TxxdN,2,TRUE,5e-8
rs4346585,C,T,C,T,0.0236,-0.0205981,0.304,0.2729,FALSE,FALSE,FALSE,MKSkw5,3,44736493,0.009693236160692708,-2.125,0.03361,26814,Hilbar2017hipv,TRUE,reported,3,44736493,0.0038,6.21053,7.127e-10,807553,Howard2019dep23andMe,TRUE,reported,6TxxdN,2,TRUE,5e-8
rs45510091,G,A,G,A,-0.0448,-0.0286685,0.0528,0.0508,FALSE,FALSE,FALSE,MKSkw5,4,123186393,0.019771406237496198,-1.45,0.147,26524,Hilbar2017hipv,TRUE,reported,4,123186393,0.008,-5.6,1.826e-8,807553,Howard2019dep23andMe,TRUE,reported,6TxxdN,2,TRUE,5e-8
rs4741790,A,G,A,G,0.0205,-0.007705855347449383,0.6102,0.6079,FALSE,FALSE,FALSE,MKSkw5,9,2977388,0.008877713533927861,-0.868,0.3852,26615,Hilbar2017hipv,TRUE,reported,9,2977388,0.0036,5.694444444444445,1.5940000000000002e-8,807553,Howard2019dep23andMe,TRUE,reported,6TxxdN,2,TRUE,5e-8
rs4772087,T,C,T,C,0.0227,-0.008266458504510637,0.3732,0.3695,FALSE,FALSE,FALSE,MKSkw5,13,99115041,0.008946383662890299,-0.924,0.3556,26814,Hilbar2017hipv,TRUE,reported,13,99115041,0.0036,6.305555555555556,3.9109999999999997e-10,807553,Howard2019dep23andMe,TRUE,reported,6TxxdN,2,TRUE,5e-8
rs56314503,G,T,G,T,0.0254,-0.0195452,0.2513,0.2419,FALSE,FALSE,FALSE,MKSkw5,12,84465022,0.010106082397173732,-1.934,0.05316,26692,Hilbar2017hipv,TRUE,reported,12,84465022,0.004,6.35,2.945e-10,807553,Howard2019dep23andMe,TRUE,reported,6TxxdN,2,TRUE,5e-8
rs56327309,G,C,G,C,0.0239,0.00351654,0.3825,0.4003,FALSE,TRUE,FALSE,MKSkw5,18,50630791,0.008813392079625169,0.399,0.6903,26814,Hilbar2017hipv,TRUE,reported,18,50630791,0.0036,6.63889,4.4469999999999996e-11,807553,Howard2019dep23andMe,TRUE,reported,6TxxdN,2,TRUE,5e-8
rs56887639,G,A,G,A,0.0278,5.70779e-4,0.2736,0.2747,FALSE,FALSE,FALSE,MKSkw5,16,13755530,0.009674220971749385,0.059,0.9531,26814,Hilbar2017hipv,TRUE,reported,16,13755530,0.0039,7.12821,1.506e-12,807553,Howard2019dep23andMe,TRUE,reported,6TxxdN,2,TRUE,5e-8
rs57344483,G,A,G,A,0.038,-0.00409918,0.0741,0.0734,FALSE,FALSE,FALSE,MKSkw5,11,127022560,0.016595860280003788,-0.247,0.8046,26692,Hilbar2017hipv,TRUE,reported,11,127022560,0.0068,5.58824,1.818e-8,807553,Howard2019dep23andMe,TRUE,reported,6TxxdN,2,TRUE,5e-8
rs58104186,A,G,A,G,0.0237,0.011308002649593077,0.4689,0.4641,FALSE,FALSE,FALSE,MKSkw5,7,109099919,0.008658501263088113,1.306,0.1916,26814,Hilbar2017hipv,TRUE,reported,7,109099919,0.0035,6.771428571428571,1.819e-11,807553,Howard2019dep23andMe,TRUE,reported,6TxxdN,2,TRUE,5e-8
rs5995992,C,T,C,T,0.0266,-0.0107003,0.2845,0.2733,FALSE,FALSE,FALSE,MKSkw5,22,41487218,0.0097541856456588,-1.097,0.2726,26459,Hilbar2017hipv,TRUE,reported,22,41487218,0.0039,6.82051,1.2999999999999999e-11,807553,Howard2019dep23andMe,TRUE,reported,6TxxdN,2,TRUE,5e-8
rs60157091,T,C,T,C,0.02,0.006641936827170801,0.515,0.5067,FALSE,FALSE,FALSE,MKSkw5,5,61509655,0.008637109008024448,0.769,0.442,26814,Hilbar2017hipv,TRUE,reported,5,61509655,0.0035,5.714285714285714,1.4210000000000001e-8,807553,Howard2019dep23andMe,TRUE,reported,6TxxdN,2,TRUE,5e-8
rs61902811,A,G,A,G,-0.0257,0.00403509408585791,0.3682,0.3694,FALSE,FALSE,FALSE,MKSkw5,11,113370758,0.008946993538487602,0.451,0.6522,26814,Hilbar2017hipv,TRUE,reported,11,113370758,0.0036,-7.138888888888889,1.395e-12,807553,Howard2019dep23andMe,TRUE,reported,6TxxdN,2,TRUE,5e-8
rs61990288,A,G,A,G,-0.026000000000000002,0.00451686904596902,0.5083,0.5021,FALSE,FALSE,FALSE,MKSkw5,14,42074726,0.00863646089095415,0.523,0.6011,26814,Hilbar2017hipv,TRUE,reported,14,42074726,0.0035,-7.428571428571429,1.681e-13,807553,Howard2019dep23andMe,TRUE,reported,6TxxdN,2,TRUE,5e-8
rs62188629,A,G,A,G,0.0236,-0.014826883008031215,0.3136,0.3142,FALSE,FALSE,FALSE,MKSkw5,2,208044470,0.009336828090699757,-1.588,0.1123,26615,Hilbar2017hipv,TRUE,reported,2,208044470,0.0038,6.2105263157894735,7.127e-10,807553,Howard2019dep23andMe,TRUE,reported,6TxxdN,2,TRUE,5e-8
rs67436663,C,G,C,G,-0.0259,0.017999156429714173,0.2402,0.2395,FALSE,TRUE,FALSE,MKSkw5,8,71347626,0.010117569662571204,1.7790000000000001,0.07532,26814,Hilbar2017hipv,TRUE,reported,8,71347626,0.0042,-6.166666666666667,9.374e-10,807553,Howard2019dep23andMe,TRUE,reported,6TxxdN,2,TRUE,5e-8
rs6783233,T,C,T,C,0.0218,-0.010070054803021944,0.2833,0.2787,FALSE,FALSE,FALSE,MKSkw5,3,117509984,0.00966416007967557,-1.042,0.2975,26630,Hilbar2017hipv,TRUE,reported,3,117509984,0.0039,5.58974358974359,2.903e-8,807553,Howard2019dep23andMe,TRUE,reported,6TxxdN,2,TRUE,5e-8
rs7030813,T,C,T,C,0.0253,-0.012732058600553584,0.3736,0.3757,FALSE,FALSE,FALSE,MKSkw5,9,36999369,0.008916007423356853,-1.4280000000000002,0.1532,26814,Hilbar2017hipv,TRUE,reported,9,36999369,0.0036,7.027777777777778,3.074e-12,807553,Howard2019dep23andMe,TRUE,reported,6TxxdN,2,TRUE,5e-8
rs7200826,T,C,T,C,0.027999999999999997,-0.004218774859784556,0.2551,0.2571,FALSE,FALSE,FALSE,MKSkw5,16,13066833,0.00990322737038628,-0.426,0.6701,26692,Hilbar2017hipv,TRUE,reported,16,13066833,0.004,6.999999999999999,3.739e-12,807553,Howard2019dep23andMe,TRUE,reported,6TxxdN,2,TRUE,5e-8
rs7241572,A,G,A,G,0.027999999999999997,0.018938052671981682,0.201,0.1907,FALSE,FALSE,FALSE,MKSkw5,18,77580712,0.010991324824133298,1.723,0.08489,26814,Hilbar2017hipv,TRUE,reported,18,77580712,0.0044,6.363636363636362,2.698e-10,807553,Howard2019dep23andMe,TRUE,reported,6TxxdN,2,TRUE,5e-8
rs725616,C,T,C,T,-0.0204,-0.0133381,0.6356,0.6451,FALSE,FALSE,FALSE,MKSkw5,6,147950422,0.009024434334598916,-1.478,0.1393,26814,Hilbar2017hipv,TRUE,reported,6,147950422,0.0036,-5.66667,1.871e-8,807553,Howard2019dep23andMe,TRUE,reported,6TxxdN,2,TRUE,5e-8
rs7515828,C,T,C,T,-0.022,0.00413677,0.6064,0.6016,FALSE,FALSE,FALSE,MKSkw5,1,73848331,0.008820411355175842,0.469,0.6392,26814,Hilbar2017hipv,TRUE,reported,1,73848331,0.0036,-6.11111,1.323e-9,807553,Howard2019dep23andMe,TRUE,reported,6TxxdN,2,TRUE,5e-8
rs75581564,A,G,A,G,0.0301,-5.62940987355341e-4,0.1165,0.1113,FALSE,FALSE,FALSE,MKSkw5,17,27363750,0.013730267984276607,-0.040999999999999995,0.9672,26814,Hilbar2017hipv,TRUE,reported,17,27363750,0.0054,5.5740740740740735,3.1719999999999996e-8,807553,Howard2019dep23andMe,TRUE,reported,6TxxdN,2,TRUE,5e-8
rs7585722,C,T,C,T,0.0269,0.0189033,0.1542,0.1635,FALSE,FALSE,FALSE,MKSkw5,2,86819128,0.011675920322004605,1.619,0.1054,26814,Hilbar2017hipv,TRUE,reported,2,86819128,0.0048,5.60417,2.6749999999999998e-8,807553,Howard2019dep23andMe,TRUE,reported,6TxxdN,2,TRUE,5e-8
rs7659414,C,A,C,A,0.0201,0.0111113,0.4218,0.4067,FALSE,FALSE,FALSE,MKSkw5,4,177350956,0.008790569280870436,1.264,0.2063,26814,Hilbar2017hipv,TRUE,reported,4,177350956,0.0035,5.74286,1.2039999999999999e-8,807553,Howard2019dep23andMe,TRUE,reported,6TxxdN,2,TRUE,5e-8
rs7685686,G,A,G,A,-0.0202,-0.00120179,0.4247,0.4234,FALSE,FALSE,FALSE,MKSkw5,4,3207142,0.008772206931911112,-0.137,0.8911,26615,Hilbar2017hipv,TRUE,reported,4,3207142,0.0036,-5.61111,2.5710000000000003e-8,807553,Howard2019dep23andMe,TRUE,reported,6TxxdN,2,TRUE,5e-8
rs78337797,G,T,G,T,-0.0306,0.00273817,0.1219,0.1251,FALSE,FALSE,FALSE,MKSkw5,12,23987925,0.01310127453837698,0.209,0.8344,26615,Hilbar2017hipv,TRUE,reported,12,23987925,0.0055,-5.56364,3.365e-8,807553,Howard2019dep23andMe,TRUE,reported,6TxxdN,2,TRUE,5e-8
rs7837935,G,T,G,T,0.0292,-0.00119791,0.8478,0.8574,FALSE,FALSE,FALSE,MKSkw5,8,65562019,0.012349592320979812,-0.097,0.9229,26814,Hilbar2017hipv,TRUE,reported,8,65562019,0.0049,5.95918,3.3429999999999997e-9,807553,Howard2019dep23andMe,TRUE,reported,6TxxdN,2,TRUE,5e-8
rs7926849,T,C,T,C,0.0201,0.01117642466008605,0.4454,0.444,FALSE,FALSE,FALSE,MKSkw5,11,70537823,0.00869084343708091,1.286,0.1985,26814,Hilbar2017hipv,TRUE,reported,11,70537823,0.0035,5.742857142857143,1.2039999999999999e-8,807553,Howard2019dep23andMe,TRUE,reported,6TxxdN,2,TRUE,5e-8
rs7932640,C,T,C,T,-0.0281,-0.00364299,0.5583,0.5577,FALSE,FALSE,FALSE,MKSkw5,11,88744425,0.008694487470866971,-0.419,0.6753,26814,Hilbar2017hipv,TRUE,reported,11,88744425,0.0035,-8.02857,1.6199999999999999e-15,807553,Howard2019dep23andMe,TRUE,reported,6TxxdN,2,TRUE,5e-8
rs8037355,T,C,T,C,-0.0233,0.005797726387133475,0.5556,0.5628,FALSE,FALSE,FALSE,MKSkw5,15,37643831,0.008705294875575788,0.6659999999999999,0.5056,26814,Hilbar2017hipv,TRUE,reported,15,37643831,0.0035,-6.6571428571428575,3.936e-11,807553,Howard2019dep23andMe,TRUE,reported,6TxxdN,2,TRUE,5e-8
rs9363467,C,T,C,T,-0.0237,-0.0125559,0.3965,0.3896,FALSE,FALSE,FALSE,MKSkw5,6,66565703,0.008854645532448885,-1.418,0.1563,26814,Hilbar2017hipv,TRUE,reported,6,66565703,0.0036,-6.58333,6.437e-11,807553,Howard2019dep23andMe,TRUE,reported,6TxxdN,2,TRUE,5e-8
rs9545360,A,C,A,C,-0.0271,0.01018581127325119,0.1807,0.1809,FALSE,FALSE,FALSE,MKSkw5,13,80826373,0.01121785382516651,0.9079999999999999,0.3641,26814,Hilbar2017hipv,TRUE,reported,13,80826373,0.0046,-5.891304347826087,5.021e-9,807553,Howard2019dep23andMe,TRUE,reported,6TxxdN,2,TRUE,5e-8
rs9592461,G,A,G,A,-0.0216,0.00263432,0.5126,0.5063,FALSE,FALSE,FALSE,MKSkw5,13,66941792,0.008637099425857053,0.305,0.7602,26814,Hilbar2017hipv,TRUE,reported,13,66941792,0.0035,-6.17143,9.1e-10,807553,Howard2019dep23andMe,TRUE,reported,6TxxdN,2,TRUE,5e-8
rs997934,C,T,C,T,-0.0198,-0.0162914,0.6205,0.6195,FALSE,FALSE,FALSE,MKSkw5,10,1795194,0.00892681652493239,-1.825,0.06799,26615,Hilbar2017hipv,TRUE,reported,10,1795194,0.0036,-5.5,4.8120000000000003e-8,807553,Howard2019dep23andMe,TRUE,reported,6TxxdN,2,TRUE,5e-8
